student_id,title,math,adv_math_elec,chem,phys,bio,ss,ee,elec_sci,cs,elec_hum,wl,as,en400
38125885,Trimester 1,0,2,0,0,0,0,0,0,0,0,1,0,1
38126131,Trimester 1,0,1,0,1,0,0,0,0,0,0,1,0,2
38126476,Trimester 1,0,1,0,0,0,0,0,2,0,0,0,0,1
38126487,Trimester 1,0,1,1,0,0,0,0,0,1,0,1,0,1
38126499,Trimester 1,0,2,0,0,1,0,1,0,0,0,1,0,0
38126500,Trimester 1,0,1,1,0,0,0,0,0,0,0,1,0,1
38126514,Trimester 1,0,1,1,0,0,0,0,1,0,0,0,0,1
38126522,Trimester 1,0,2,0,0,0,0,0,0,0,0,1,0,1
38126537,Trimester 1,0,1,0,0,0,0,0,0,0,0,0,0,2
38126581,Trimester 1,0,0,0,1,1,0,0,2,0,0,0,0,0
38126584,Trimester 1,0,1,1,0,0,0,0,0,0,0,1,0,2
38126588,Trimester 1,0,1,0,0,3,0,0,0,0,0,0,0,1
38126602,Trimester 1,0,1,1,0,0,0,0,0,0,0,1,0,1
38126603,Trimester 1,0,1,0,1,1,0,0,0,0,0,1,0,0
38126658,Trimester 1,0,1,0,0,0,0,0,0,0,0,1,0,1
38126662,Trimester 1,0,1,0,0,0,0,0,0,0,1,0,0,1
38126693,Trimester 1,0,1,0,0,1,0,0,0,1,0,0,0,1
38126723,Trimester 1,0,1,0,0,1,0,0,2,0,0,0,0,0
38126730,Trimester 1,0,1,0,0,1,0,0,0,0,0,1,0,1
38126785,Trimester 1,0,2,0,0,0,0,0,3,1,0,0,0,0
38126786,Trimester 1,0,1,0,1,1,0,0,0,0,1,1,0,1
38126789,Trimester 1,0,1,0,0,0,0,1,0,0,1,1,0,1
38126798,Trimester 1,0,1,1,0,0,0,0,1,0,0,1,0,1
38126801,Trimester 1,0,1,1,0,1,0,0,0,0,0,1,0,0
38126827,Trimester 1,0,1,0,0,0,0,0,0,0,0,0,0,1
38126846,Trimester 1,0,1,1,0,0,0,0,0,1,0,1,0,1
38126848,Trimester 1,0,1,0,0,0,0,1,0,1,0,1,0,0
38126849,Trimester 1,0,1,0,0,0,1,0,1,0,0,0,0,1
38126851,Trimester 1,0,1,0,1,1,0,0,0,0,0,1,0,1
38126877,Trimester 1,0,1,0,1,0,0,0,0,0,0,1,0,1
38126927,Trimester 1,0,2,1,0,0,0,1,0,0,0,0,0,1
38126928,Trimester 1,0,1,0,0,1,0,0,0,0,0,1,0,1
38126945,Trimester 1,0,1,0,0,1,0,0,2,0,0,0,0,0
38126988,Trimester 1,0,1,0,0,1,0,0,1,0,0,1,0,0
38126994,Trimester 1,0,1,0,0,0,0,0,1,0,0,0,0,1
38127061,Trimester 1,0,2,1,0,0,0,0,0,0,0,1,0,1
38127100,Trimester 1,0,1,1,0,1,0,0,0,0,0,1,0,1
38127116,Trimester 1,0,1,1,0,0,1,0,0,1,0,0,0,1
38127125,Trimester 1,0,1,0,0,1,0,0,0,0,0,1,0,1
38127162,Trimester 1,0,1,0,0,0,0,0,0,1,0,1,0,1
38127221,Trimester 1,0,1,1,0,1,0,0,1,0,0,0,0,1
38127258,Trimester 1,0,1,0,0,2,0,0,0,0,0,0,0,1
38127281,Trimester 1,0,2,1,0,0,0,1,0,0,0,0,0,1
38127291,Trimester 1,0,1,0,0,1,0,0,2,0,0,0,0,0
38127293,Trimester 1,0,2,0,0,0,0,0,0,0,0,0,0,1
38127303,Trimester 1,0,1,0,1,0,0,0,0,1,0,0,0,2
38127324,Trimester 1,0,1,0,1,0,1,0,0,0,0,1,0,1
38127329,Trimester 1,0,1,0,1,1,0,1,0,0,0,0,0,1
38127352,Trimester 1,0,0,0,1,1,0,0,0,1,0,1,0,0
38127366,Trimester 1,0,1,0,0,0,0,0,2,0,0,1,0,1
38127370,Trimester 1,0,0,1,0,2,0,0,0,1,0,1,0,0
38127372,Trimester 1,0,1,1,0,0,0,0,0,0,0,1,0,1
38127385,Trimester 1,0,2,1,0,0,0,0,0,1,0,1,0,0
38127399,Trimester 1,0,1,0,0,0,0,0,1,0,0,0,0,1
38127429,Trimester 1,0,2,1,0,0,0,0,1,0,0,0,0,0
38127504,Trimester 1,0,1,1,0,1,0,0,0,0,0,0,0,1
38127540,Trimester 1,0,1,1,0,1,0,0,0,0,0,1,0,1
38127552,Trimester 1,0,1,0,0,1,0,0,0,1,0,0,0,0
38127579,Trimester 1,0,1,1,0,0,0,0,0,0,0,0,0,0
38127643,Trimester 1,0,1,0,0,0,0,1,1,0,0,0,0,0
38127655,Trimester 1,0,2,0,0,1,0,0,0,0,0,1,0,1
38127664,Trimester 1,0,1,0,0,1,0,0,0,0,0,1,0,1
38127687,Trimester 1,0,1,0,0,1,0,0,0,1,0,1,0,0
38127711,Trimester 1,0,1,0,0,1,0,0,0,1,0,0,0,0
38127742,Trimester 1,0,1,0,0,1,0,0,1,0,0,0,0,1
38127744,Trimester 1,0,1,0,0,1,0,0,0,0,0,1,0,1
38127762,Trimester 1,0,1,1,0,1,0,0,0,0,0,0,0,1
38127778,Trimester 1,0,1,1,0,1,0,0,0,0,0,0,0,0
38127783,Trimester 1,0,1,0,0,0,0,0,0,0,0,1,0,1
38127793,Trimester 1,0,1,1,0,0,0,0,0,1,1,1,0,1
38127801,Trimester 1,0,1,0,0,0,0,0,1,0,0,1,0,1
38128080,Trimester 1,0,2,1,0,0,0,0,0,0,0,0,0,1
38128084,Trimester 1,0,1,1,1,0,0,0,0,0,0,0,0,0
38128131,Trimester 1,0,1,0,0,0,0,0,0,1,0,1,0,1
38128139,Trimester 1,0,1,0,0,0,1,1,0,0,0,0,0,1
38128151,Trimester 1,0,1,1,0,0,0,1,0,1,0,0,0,0
38128154,Trimester 1,0,0,1,0,2,0,1,0,1,0,0,0,0
38128178,Trimester 1,0,1,0,0,0,0,0,0,1,0,0,0,2
38128212,Trimester 1,0,1,1,0,1,0,0,0,0,0,0,0,0
38128222,Trimester 1,0,1,0,0,1,1,0,1,0,0,0,0,1
38128263,Trimester 1,0,1,1,0,0,0,0,0,0,0,1,0,1
38128330,Trimester 1,0,1,0,1,0,0,0,1,0,0,0,0,2
38128388,Trimester 1,0,1,1,0,0,0,0,0,1,0,1,0,0
38128430,Trimester 1,0,1,0,0,0,0,0,0,0,0,1,0,1
38128440,Trimester 1,0,1,1,0,0,0,1,1,0,0,0,0,1
38128444,Trimester 1,0,2,0,0,0,0,0,2,0,0,0,0,0
38128448,Trimester 1,0,1,0,0,0,0,0,0,0,0,1,0,0
38128488,Trimester 1,0,2,0,0,0,0,0,0,1,0,0,0,0
38128508,Trimester 1,0,1,0,0,1,0,0,0,0,0,0,0,2
38128529,Trimester 1,0,1,1,0,0,1,0,0,0,0,1,0,0
38128546,Trimester 1,0,1,0,0,1,0,0,0,0,0,0,0,2
38128558,Trimester 1,0,1,0,0,0,0,1,0,1,0,0,0,1
38128739,Trimester 1,0,1,1,0,1,0,0,0,0,0,0,0,0
38128795,Trimester 1,0,1,0,0,1,0,0,0,1,0,0,0,1
38128831,Trimester 1,0,1,0,0,1,0,0,2,0,0,0,0,0
38128860,Trimester 1,0,2,1,0,1,0,0,0,0,0,0,0,0
38128870,Trimester 1,0,0,1,0,2,0,1,0,0,0,0,0,1
38128881,Trimester 1,0,1,0,0,0,0,0,1,0,0,1,0,1
38128895,Trimester 1,0,2,1,0,0,0,0,0,0,0,1,0,1
38128958,Trimester 1,0,2,1,0,0,0,0,0,0,0,0,0,1
38128976,Trimester 1,0,1,0,0,0,0,0,0,0,0,0,0,1
38129002,Trimester 1,0,1,0,0,1,0,0,0,0,1,0,0,1
38129048,Trimester 1,0,1,0,0,3,0,0,0,0,0,0,0,0
38129093,Trimester 1,0,1,0,1,1,0,0,0,0,0,1,0,1
38129139,Trimester 1,0,1,0,0,0,0,0,0,1,1,0,0,1
38129143,Trimester 1,0,1,1,0,0,0,1,0,0,1,1,0,0
38129144,Trimester 1,0,1,1,0,0,0,0,0,0,0,1,0,1
38129161,Trimester 1,0,1,1,0,1,0,0,0,0,0,1,0,1
38129422,Trimester 1,0,1,1,0,0,0,0,0,0,0,0,0,1
38129512,Trimester 1,0,1,0,1,1,0,0,0,0,0,1,0,1
38129520,Trimester 1,0,1,0,0,1,0,0,1,0,0,1,0,0
38129677,Trimester 1,0,1,1,0,0,0,1,0,0,0,1,0,0
38129686,Trimester 1,0,1,0,1,0,0,1,0,0,0,1,0,1
38130103,Trimester 1,0,1,0,0,0,0,0,0,0,0,1,0,1
38130254,Trimester 1,0,1,0,0,0,0,0,1,0,1,0,0,1
38130423,Trimester 1,0,1,1,0,1,0,1,0,0,0,0,0,0
38130866,Trimester 1,0,1,0,1,1,0,0,0,0,0,1,0,1
38130941,Trimester 1,0,1,0,0,1,0,1,0,0,0,0,0,0
38131262,Trimester 1,0,1,1,0,0,0,0,0,0,0,0,0,1
38131281,Trimester 1,0,1,0,0,0,0,0,1,0,0,1,0,1
38131561,Trimester 1,0,1,0,1,0,0,1,0,0,0,0,0,1
38131735,Trimester 1,0,1,1,0,0,0,1,0,0,0,0,0,0
38131801,Trimester 1,0,0,0,0,1,0,0,1,0,0,0,0,1
38131943,Trimester 1,0,0,0,0,1,0,0,0,0,0,1,0,2
38132052,Trimester 1,0,1,0,0,0,0,0,2,0,0,0,0,0
38134101,Trimester 1,0,1,1,0,1,0,0,0,0,0,1,0,1
38134318,Trimester 1,0,1,1,0,0,0,0,0,1,0,1,0,1
38134451,Trimester 1,0,1,1,0,2,0,0,0,0,0,0,0,1
38134519,Trimester 1,0,1,1,0,1,0,0,0,0,0,1,0,1
38134610,Trimester 1,0,1,0,0,0,0,0,0,0,0,1,0,1
38134698,Trimester 1,0,0,1,0,0,0,1,0,1,0,0,0,1
38134707,Trimester 1,0,1,0,0,1,1,0,0,0,0,0,0,1
38134733,Trimester 1,0,1,0,1,0,1,0,1,0,0,0,0,1
38134914,Trimester 1,0,2,1,0,0,0,0,0,0,1,1,0,1
38135080,Trimester 1,0,1,0,0,1,1,0,1,1,0,0,0,0
38135223,Trimester 1,0,2,0,0,1,0,0,0,0,0,0,0,1
38135714,Trimester 1,0,0,1,1,0,0,0,1,0,0,1,0,1
38136819,Trimester 1,0,0,0,0,0,0,1,1,0,0,1,0,1
38137382,Trimester 1,0,1,0,0,0,0,0,0,0,0,1,0,1
38137546,Trimester 1,0,1,1,0,1,0,0,0,0,0,0,0,1
38137898,Trimester 1,0,2,0,0,1,0,0,0,0,0,0,0,0
38138217,Trimester 1,0,1,0,1,1,0,0,0,1,0,0,0,0
38138223,Trimester 1,0,1,0,0,0,1,0,0,1,0,1,0,0
38139221,Trimester 1,0,1,0,0,1,0,0,0,0,1,1,0,0
38139338,Trimester 1,0,1,0,0,0,1,0,0,0,0,1,0,0
38139413,Trimester 1,0,2,0,0,0,0,0,1,0,0,0,0,0
38140115,Trimester 1,0,1,0,1,1,0,0,0,0,0,1,0,1
38140237,Trimester 1,0,1,1,0,0,0,0,0,1,0,0,0,1
38140327,Trimester 1,0,1,1,0,1,0,0,0,1,0,0,0,1
38140432,Trimester 1,0,1,0,1,0,0,0,0,1,0,1,0,1
38140708,Trimester 1,0,1,1,0,0,0,0,0,1,1,1,0,2
38141193,Trimester 1,0,1,0,0,0,0,0,0,0,0,1,0,1
38142200,Trimester 1,0,2,1,0,0,0,0,0,0,0,1,0,0
38142214,Trimester 1,0,1,0,0,1,0,0,1,0,0,0,0,1
38142219,Trimester 1,0,1,0,0,0,0,1,1,0,0,0,0,0
38142425,Trimester 1,0,1,0,0,0,0,0,1,1,0,0,0,1
38142452,Trimester 1,0,1,0,0,1,0,0,0,0,0,1,0,1
38142470,Trimester 1,0,1,1,0,1,0,1,0,0,0,1,0,0
38142735,Trimester 1,0,1,0,1,1,0,1,0,0,0,0,0,1
38142903,Trimester 1,0,1,0,1,0,0,1,1,0,0,0,0,1
38142934,Trimester 1,0,1,1,0,1,0,1,0,0,0,0,0,0
38143068,Trimester 1,0,1,1,0,1,0,0,0,1,0,1,0,0
38143312,Trimester 1,0,2,0,0,0,0,0,0,0,0,0,0,1
38143474,Trimester 1,0,1,0,0,0,0,0,1,0,0,1,0,1
38143688,Trimester 1,0,1,0,1,1,0,1,0,0,0,1,0,0
38143836,Trimester 1,0,1,0,0,2,0,0,0,0,0,1,0,0
38143849,Trimester 1,0,1,1,0,0,0,0,0,1,1,0,0,1
38143873,Trimester 1,0,1,0,0,0,0,0,0,1,0,1,0,0
38143879,Trimester 1,0,1,1,1,0,0,0,0,1,0,0,0,1
38144285,Trimester 1,0,2,0,0,0,0,0,0,0,0,0,0,0
38144694,Trimester 1,0,1,1,0,0,0,1,0,0,0,1,0,1
38144766,Trimester 1,0,2,0,0,1,0,0,0,0,0,0,0,0
38144815,Trimester 1,0,1,0,1,0,0,1,0,0,0,0,0,1
38145122,Trimester 1,0,1,0,1,1,0,0,1,0,0,0,0,0
38145132,Trimester 1,0,1,0,0,0,1,0,2,0,0,0,0,1
38145447,Trimester 1,0,1,1,0,1,0,0,0,0,0,0,0,1
38145963,Trimester 1,0,1,0,0,0,0,0,1,0,0,1,0,1
38146190,Trimester 1,0,1,1,0,2,0,0,0,0,0,0,0,1
38146261,Trimester 1,0,2,1,0,0,0,0,0,0,0,1,0,1
38146633,Trimester 1,0,2,0,0,1,0,0,0,0,0,0,0,1
38146796,Trimester 1,0,2,1,0,0,0,0,0,0,0,0,0,1
38147890,Trimester 1,0,1,1,0,1,0,0,0,0,0,1,0,1
38148418,Trimester 1,0,1,0,0,1,0,0,2,0,0,0,0,1
38151707,Trimester 1,0,1,0,0,0,0,0,2,1,0,0,0,0
38151804,Trimester 1,0,1,1,1,0,0,0,0,0,0,0,0,0
38153625,Trimester 1,0,1,1,0,0,0,2,0,0,0,0,0,0
38153785,Trimester 1,0,1,1,0,1,0,0,0,0,0,0,0,2
38155234,Trimester 1,0,1,0,0,1,1,1,0,0,0,0,0,0
38156045,Trimester 1,0,1,0,0,1,1,0,0,0,0,0,0,0
38156934,Trimester 1,0,1,1,0,1,0,0,0,0,0,1,0,1
38156965,Trimester 1,0,3,1,0,0,0,0,0,1,0,0,0,0
38157018,Trimester 1,0,1,1,0,0,0,0,0,0,0,1,0,1
38157158,Trimester 1,0,1,1,0,1,0,0,0,0,0,1,0,1
38157401,Trimester 1,0,0,1,0,1,0,1,0,0,0,0,0,0
38159682,Trimester 1,0,1,0,0,1,0,0,0,1,0,0,0,0
38159821,Trimester 1,0,1,0,1,0,0,0,1,0,0,1,0,0
38160273,Trimester 1,0,2,0,0,0,0,0,0,0,0,1,0,0
38160502,Trimester 1,0,1,1,0,1,0,1,0,0,0,0,0,1
38160713,Trimester 1,0,2,0,0,0,0,0,2,0,0,1,0,1
38160767,Trimester 1,0,1,0,1,1,0,1,0,0,0,1,0,0
38160893,Trimester 1,0,1,0,0,1,0,1,0,0,0,1,0,1
38162336,Trimester 1,0,1,0,0,0,0,0,0,1,0,1,0,1
38162498,Trimester 1,0,2,0,0,0,0,0,0,0,0,0,0,0
38162964,Trimester 1,0,1,0,0,0,1,1,0,1,0,0,0,1
38163029,Trimester 1,0,1,0,1,1,0,0,1,0,0,0,0,0
38163065,Trimester 1,0,1,0,0,0,0,0,0,0,0,0,0,2
38163071,Trimester 1,0,1,1,0,1,0,0,1,0,0,0,0,1
38163296,Trimester 1,0,1,1,0,0,0,1,0,1,0,0,0,1
38163397,Trimester 1,0,2,1,0,0,0,0,0,0,0,1,0,1
38164025,Trimester 1,0,1,0,0,0,0,1,0,1,0,1,0,0
38165395,Trimester 1,0,1,0,1,0,0,0,0,1,0,0,0,0
38167495,Trimester 1,0,1,0,0,1,0,0,0,1,0,1,0,1
38169143,Trimester 1,0,1,1,0,0,0,0,0,1,1,2,0,0
38169650,Trimester 1,0,1,0,1,1,0,0,0,0,0,1,0,2
38170761,Trimester 1,0,1,1,0,1,0,0,0,0,0,0,0,0
38172141,Trimester 1,0,0,0,0,1,0,0,0,1,0,1,0,2
38173099,Trimester 1,0,1,1,0,2,0,0,0,0,1,0,0,1
38174002,Trimester 1,0,1,0,0,1,0,0,1,0,0,0,0,1
38175371,Trimester 1,0,1,0,1,0,0,1,0,1,0,0,0,1
38175409,Trimester 1,0,2,0,0,1,0,0,1,0,0,0,0,0
38175751,Trimester 1,0,1,0,1,2,0,0,0,1,0,0,0,0
38177233,Trimester 1,0,1,0,0,1,0,0,0,0,0,1,0,1
38177267,Trimester 1,0,1,0,0,0,1,0,0,0,0,1,0,0
38178070,Trimester 1,0,2,0,0,1,0,0,0,0,0,0,0,1
38178571,Trimester 1,0,1,0,0,1,0,0,0,0,0,1,0,1
38178646,Trimester 1,0,1,0,0,2,0,0,0,0,0,0,0,1
38178907,Trimester 1,0,2,0,0,0,0,0,0,1,0,0,0,0
38179977,Trimester 1,0,1,0,0,2,0,1,0,0,1,1,0,0
38180140,Trimester 1,0,1,0,0,1,0,0,0,1,0,0,0,1
38180428,Trimester 1,0,1,0,0,0,0,1,0,0,0,0,0,1
38180494,Trimester 1,0,1,0,1,0,0,0,0,0,0,1,0,1
38180697,Trimester 1,0,1,0,0,0,0,0,2,1,0,0,0,1
38181161,Trimester 1,0,2,0,0,1,0,0,0,0,0,0,0,1
38181281,Trimester 1,0,1,1,0,2,0,0,0,0,0,1,0,1
38181374,Trimester 1,0,1,1,0,2,0,0,0,0,0,1,0,0
38182467,Trimester 1,0,0,0,0,0,0,0,2,1,0,1,0,0
38186324,Trimester 1,0,1,0,0,0,0,0,1,0,0,0,0,1
38186826,Trimester 1,0,1,0,0,0,0,2,0,0,0,1,0,0
38188138,Trimester 1,0,1,0,1,1,0,0,0,0,0,0,0,0
38190055,Trimester 1,0,2,1,0,0,0,0,0,0,0,1,0,1
38193495,Trimester 1,0,2,0,0,0,0,0,0,0,0,1,0,1
38197682,Trimester 1,0,1,0,0,0,0,0,0,0,0,0,0,2
38197815,Trimester 1,0,2,0,0,0,0,0,1,1,0,0,0,1
38198399,Trimester 1,0,1,1,0,0,0,1,0,0,0,0,0,1
38199443,Trimester 1,0,1,0,0,0,0,0,0,0,0,1,0,1
38201522,Trimester 1,0,1,0,1,0,1,0,0,0,0,0,0,1
38201865,Trimester 1,0,1,1,0,1,0,0,0,1,0,1,0,0
38202360,Trimester 1,0,1,1,0,0,0,2,0,0,0,0,0,1
38211684,Trimester 1,0,1,0,0,0,0,0,0,0,0,1,0,1
38216777,Trimester 1,0,2,0,0,1,0,0,0,0,0,1,0,0
38220080,Trimester 1,0,1,0,1,0,0,1,0,0,0,1,0,1
38220577,Trimester 1,0,1,0,0,1,0,0,0,0,0,1,0,1
38220596,Trimester 1,0,1,0,0,1,0,0,1,0,0,1,0,0
38231861,Trimester 1,0,2,0,0,0,1,1,0,0,1,0,0,1
38238093,Trimester 1,0,1,0,0,0,0,0,0,0,0,1,0,1
38239788,Trimester 1,0,1,0,0,0,0,1,0,0,0,1,0,0
38287634,Trimester 1,0,1,0,1,0,0,1,1,0,0,0,0,1
38289491,Trimester 1,0,1,0,1,1,0,0,0,0,1,1,0,1
38299415,Trimester 1,0,1,1,0,0,0,0,0,1,0,0,0,1
38305059,Trimester 1,0,1,0,1,1,1,0,0,0,0,1,0,0
38306143,Trimester 1,0,1,0,0,0,0,0,0,1,0,0,0,1
38307860,Trimester 1,0,1,0,0,1,0,0,0,1,0,1,0,1
38311096,Trimester 1,0,2,1,0,1,0,0,0,0,0,0,0,1
38313832,Trimester 1,0,1,0,0,1,0,1,0,0,0,0,0,0
38315644,Trimester 1,0,1,0,0,1,0,0,0,0,0,0,0,1
38317204,Trimester 1,0,1,0,0,0,0,0,0,0,0,1,0,1
38317791,Trimester 1,0,1,0,0,1,0,0,0,1,0,0,0,1
38318711,Trimester 1,0,1,0,0,1,0,0,0,0,0,0,0,2
38326984,Trimester 1,0,1,1,0,0,1,0,0,0,0,1,0,1
38327477,Trimester 1,0,1,0,0,1,0,1,0,0,0,1,0,1
38330624,Trimester 1,0,1,1,0,1,0,0,0,0,0,0,0,1
38330682,Trimester 1,0,1,0,0,1,0,0,0,1,0,0,0,0
38330868,Trimester 1,0,1,0,1,1,0,0,0,1,0,1,0,0
38331604,Trimester 1,0,1,0,0,2,1,0,0,0,0,0,0,1
38331826,Trimester 1,0,1,0,1,1,0,0,0,0,0,0,0,1
38331849,Trimester 1,0,1,0,0,1,0,0,1,0,0,1,0,0
38331987,Trimester 1,0,3,0,0,0,0,0,1,1,0,0,0,0
38332228,Trimester 1,0,1,1,0,0,0,0,0,0,1,1,0,1
38332461,Trimester 1,0,1,0,0,1,1,0,0,0,0,1,0,1
38333200,Trimester 1,0,0,1,0,2,0,0,0,0,0,0,0,0
38333244,Trimester 1,0,1,0,0,0,1,1,0,0,0,0,0,1
38333293,Trimester 1,0,0,0,0,1,0,0,1,1,0,1,0,1
38333349,Trimester 1,0,1,0,0,0,0,0,2,0,0,0,0,0
38333600,Trimester 1,0,1,1,0,0,0,1,0,1,0,0,0,0
38334624,Trimester 1,0,1,0,1,1,0,0,0,0,0,1,0,1
38334814,Trimester 1,0,0,0,0,1,0,0,0,0,0,1,0,1
38335106,Trimester 1,0,1,0,0,1,0,0,0,1,0,0,0,1
38336704,Trimester 1,0,1,1,1,0,0,0,0,0,0,0,0,0
38337263,Trimester 1,0,1,1,0,0,0,0,0,1,0,0,0,1
38340642,Trimester 1,0,1,1,0,0,0,1,0,0,0,0,0,1
38341967,Trimester 1,0,1,1,0,1,0,0,0,0,0,0,0,1
38342531,Trimester 1,0,1,1,0,0,0,0,0,0,0,0,0,1
38345790,Trimester 1,0,1,1,0,0,0,0,0,1,0,1,0,1
38346079,Trimester 1,0,1,0,0,1,1,0,0,1,0,0,0,0
38346106,Trimester 1,0,1,0,1,1,0,0,0,0,0,0,0,1
38346339,Trimester 1,0,1,0,0,1,2,0,0,0,0,1,0,0
38348534,Trimester 1,0,1,0,1,0,1,0,0,2,0,0,0,0
38348984,Trimester 1,0,1,0,0,0,1,0,1,0,0,0,0,1
38349850,Trimester 1,0,1,1,0,1,0,0,0,0,0,1,0,0
38349980,Trimester 1,0,1,1,0,1,1,0,0,0,0,1,0,0
38350090,Trimester 1,0,0,0,0,2,0,0,0,1,0,1,0,1
38350619,Trimester 1,0,2,0,0,0,0,0,0,0,0,0,0,1
38352904,Trimester 1,0,1,0,0,0,0,2,0,0,0,1,0,1
38353056,Trimester 1,0,2,0,0,1,0,0,1,0,0,0,0,1
38353523,Trimester 1,0,1,0,0,0,0,0,1,0,0,0,0,0
38355678,Trimester 1,0,1,0,0,0,0,1,0,0,0,0,0,1
38359685,Trimester 1,0,1,1,0,2,0,0,0,0,0,0,0,1
38363645,Trimester 1,0,1,1,0,0,0,0,0,0,0,1,0,1
38365014,Trimester 1,0,0,0,0,0,0,1,1,0,0,0,0,0
38365425,Trimester 1,0,1,0,1,0,0,1,0,0,0,1,0,1
38365816,Trimester 1,0,1,0,0,0,0,0,1,1,0,0,0,1
38366783,Trimester 1,0,1,0,1,0,0,0,0,0,0,1,0,1
38367352,Trimester 1,0,1,0,0,0,0,0,1,0,0,1,0,1
38376858,Trimester 1,0,1,0,0,0,0,0,0,1,0,0,0,2
38379622,Trimester 1,0,1,1,0,1,0,0,0,0,0,0,0,1
38381912,Trimester 1,0,1,0,1,0,0,2,0,0,0,0,0,0
38383791,Trimester 1,0,2,1,0,0,0,1,0,0,1,1,0,0
38383855,Trimester 1,0,3,0,0,1,0,0,0,0,0,0,0,0
38384852,Trimester 1,0,1,0,0,0,0,0,1,0,0,0,0,0
38385015,Trimester 1,0,1,0,1,1,0,0,0,0,0,1,0,0
38386927,Trimester 1,0,2,1,1,0,0,0,0,1,0,0,0,0
38387934,Trimester 1,0,1,1,0,0,1,0,0,1,0,0,0,0
38388453,Trimester 1,0,1,0,0,1,0,1,0,0,0,1,0,0
38388845,Trimester 1,0,1,0,1,0,1,0,0,0,0,0,0,1
38388893,Trimester 1,0,1,1,0,2,0,0,0,0,1,1,0,0
38391390,Trimester 1,0,2,0,0,0,0,0,1,0,0,1,0,0
38392276,Trimester 1,0,1,1,1,1,0,0,0,0,0,1,0,0
38393145,Trimester 1,0,1,0,0,0,0,0,1,0,0,1,0,1
38395460,Trimester 1,0,1,0,0,1,1,0,0,0,0,1,0,0
38395990,Trimester 1,0,1,0,0,1,1,0,0,0,0,1,0,1
38397197,Trimester 1,0,1,0,0,0,0,1,0,1,1,1,0,0
38397327,Trimester 1,0,2,0,1,1,0,0,0,0,0,1,0,0
38397736,Trimester 1,0,2,0,0,0,0,0,1,0,0,0,0,1
38399132,Trimester 1,0,1,0,1,0,1,0,0,0,0,1,0,1
38400077,Trimester 1,0,1,0,0,1,0,0,0,1,0,1,0,0
38403765,Trimester 1,0,1,0,1,1,0,0,1,0,0,0,0,1
38404296,Trimester 1,0,1,0,0,1,0,0,0,1,0,0,0,1
38404675,Trimester 1,0,1,0,0,1,0,0,0,0,0,0,0,1
38406665,Trimester 1,0,2,1,1,0,0,0,0,0,0,0,0,1
38407040,Trimester 1,0,1,0,1,0,0,1,1,0,0,0,0,1
38408005,Trimester 1,0,1,0,0,2,0,1,0,0,1,1,0,0
38413431,Trimester 1,0,1,1,0,0,0,0,1,0,0,0,0,1
38413981,Trimester 1,0,2,1,0,0,0,0,0,0,0,1,0,0
38417030,Trimester 1,0,1,1,0,0,0,1,0,0,0,0,0,1
38418247,Trimester 1,0,1,1,0,1,0,0,0,0,0,0,0,1
38422835,Trimester 1,0,1,0,0,0,0,0,0,1,0,0,0,1
38425897,Trimester 1,0,1,0,1,1,0,0,0,0,0,1,0,1
38428094,Trimester 1,0,1,0,0,0,0,0,0,1,0,0,0,0
38428469,Trimester 1,0,1,1,0,1,0,0,0,0,0,1,0,1
38428567,Trimester 1,0,1,0,1,1,0,0,0,0,0,1,0,1
38429200,Trimester 1,0,0,0,0,0,0,0,0,0,0,0,0,0
39008009,Trimester 1,1,0,0,1,1,0,0,0,0,0,1,1,0
39021877,Trimester 1,0,1,0,0,0,0,0,0,0,0,1,1,0
39025236,Trimester 1,0,1,0,0,0,0,1,0,0,0,1,1,0
39032825,Trimester 1,0,1,1,0,0,0,0,0,0,0,1,1,0
39033555,Trimester 1,1,0,1,0,0,0,0,0,0,0,1,1,0
39038197,Trimester 1,0,1,1,0,0,0,0,0,0,0,0,1,0
39045451,Trimester 1,0,1,0,0,1,0,0,0,0,0,1,1,0
39111241,Trimester 1,1,0,0,1,0,0,0,0,0,0,1,1,0
39111415,Trimester 1,0,1,1,0,0,0,0,0,0,0,1,1,0
39112405,Trimester 1,1,0,0,0,0,0,0,1,1,0,0,1,0
39113726,Trimester 1,0,1,1,0,0,0,0,0,0,0,1,1,0
39124139,Trimester 1,0,1,0,0,0,0,0,0,0,0,1,1,0
39125217,Trimester 1,0,1,1,0,0,0,0,0,0,0,1,1,0
39125573,Trimester 1,1,0,1,0,0,0,0,0,0,0,1,1,0
39125958,Trimester 1,1,0,1,1,0,0,0,0,0,0,1,1,0
39126371,Trimester 1,0,1,1,0,0,0,0,0,0,0,1,1,0
39127621,Trimester 1,1,0,0,1,0,0,0,0,0,0,1,1,0
39127782,Trimester 1,0,1,1,0,0,0,0,0,1,0,1,1,0
39127842,Trimester 1,1,0,1,0,0,0,1,0,0,0,1,1,0
39128361,Trimester 1,0,1,1,0,1,0,0,0,0,0,1,1,0
39131992,Trimester 1,1,0,0,1,0,0,0,0,1,0,1,1,0
39135356,Trimester 1,0,1,1,0,0,0,0,0,0,0,1,1,0
39138930,Trimester 1,1,0,0,1,0,0,0,0,0,0,1,1,0
39143712,Trimester 1,1,0,0,1,0,0,0,0,0,0,1,1,0
39143815,Trimester 1,1,0,0,0,1,0,0,0,0,0,1,1,0
39150118,Trimester 1,0,1,0,0,0,0,0,0,0,0,0,1,0
39151561,Trimester 1,1,0,1,0,0,0,0,0,0,0,1,1,0
39151605,Trimester 1,0,1,1,0,0,0,0,0,0,1,0,1,0
39151657,Trimester 1,0,1,0,0,2,0,0,0,0,0,1,1,0
39152392,Trimester 1,0,1,1,0,0,0,0,0,0,0,1,1,0
39152628,Trimester 1,0,1,0,0,1,0,0,0,0,0,0,1,0
39152836,Trimester 1,0,1,1,0,1,0,0,0,0,0,1,1,0
39153007,Trimester 1,0,1,1,0,0,0,0,0,0,0,1,1,0
39156246,Trimester 1,0,1,0,0,1,0,0,0,0,0,1,1,0
39160321,Trimester 1,1,0,0,1,0,0,0,0,0,0,1,1,0
39162225,Trimester 1,0,1,0,0,1,0,1,0,0,0,1,1,0
39166072,Trimester 1,0,1,0,1,0,0,0,1,0,0,0,1,0
39167768,Trimester 1,0,1,0,0,0,0,0,0,1,1,1,1,0
39169372,Trimester 1,1,0,1,0,1,0,0,0,0,0,1,1,0
39169875,Trimester 1,0,1,0,0,0,0,0,0,1,0,1,1,0
39170570,Trimester 1,0,1,1,0,0,0,1,0,0,0,0,1,0
39170649,Trimester 1,1,0,1,0,0,0,0,0,0,0,1,1,0
39170977,Trimester 1,1,0,0,0,1,0,0,0,1,0,1,1,0
39171760,Trimester 1,1,0,1,0,0,0,0,0,0,0,1,1,0
39175541,Trimester 1,0,1,1,0,0,0,0,0,0,0,1,1,0
39176807,Trimester 1,1,0,0,1,0,0,0,0,0,0,1,1,0
39177601,Trimester 1,0,1,0,0,1,0,0,0,0,0,1,1,0
39180570,Trimester 1,0,1,1,0,0,0,0,0,1,0,1,1,0
39184225,Trimester 1,0,1,1,0,0,0,0,0,0,0,1,1,0
39184425,Trimester 1,0,0,0,0,1,0,0,0,0,0,1,1,0
39185744,Trimester 1,0,1,1,0,0,0,0,0,0,0,1,1,0
39186928,Trimester 1,1,0,1,0,0,0,0,0,1,0,1,1,0
39187522,Trimester 1,1,0,0,1,0,0,0,0,1,0,1,1,0
39188529,Trimester 1,0,1,0,0,0,0,1,0,0,0,1,1,0
39189251,Trimester 1,1,0,0,0,0,0,1,0,0,0,1,1,0
39189351,Trimester 1,0,1,1,0,0,0,0,0,0,0,1,1,0
39193306,Trimester 1,1,0,0,1,0,0,0,0,0,0,1,1,0
39198283,Trimester 1,0,1,0,1,0,0,1,0,0,0,1,1,0
39199431,Trimester 1,1,0,1,0,0,0,1,0,0,1,1,1,0
39200456,Trimester 1,0,1,1,0,0,0,0,0,0,0,1,1,0
39200490,Trimester 1,1,0,0,1,0,0,0,0,0,0,1,1,0
39200682,Trimester 1,1,0,1,0,0,0,1,0,0,0,1,1,0
39200889,Trimester 1,1,0,1,0,1,0,0,0,0,0,1,1,0
39201589,Trimester 1,0,1,1,0,0,0,1,0,0,0,1,1,0
39201608,Trimester 1,0,1,1,0,1,0,0,0,0,0,1,1,0
39201731,Trimester 1,0,1,1,0,0,0,1,0,0,0,1,1,0
39202116,Trimester 1,0,1,0,0,1,0,0,0,0,0,1,1,0
39202274,Trimester 1,1,0,0,0,1,0,0,0,0,0,1,1,0
39202628,Trimester 1,1,0,0,0,1,0,0,0,0,0,1,1,0
39202791,Trimester 1,1,0,0,1,0,0,0,0,0,0,0,1,0
39202901,Trimester 1,0,1,0,0,0,0,0,0,0,0,1,1,0
39202986,Trimester 1,1,0,0,1,0,0,0,0,0,0,1,1,0
39204631,Trimester 1,1,0,1,0,0,0,0,0,0,0,1,1,0
39207029,Trimester 1,1,0,1,0,0,0,1,0,0,0,1,1,0
39207589,Trimester 1,0,1,1,0,0,0,0,0,0,0,1,1,0
39210116,Trimester 1,1,0,1,0,1,0,0,0,0,0,1,1,0
39210878,Trimester 1,1,0,0,1,1,0,0,0,0,0,1,1,0
39210933,Trimester 1,0,1,0,0,1,0,0,0,1,0,0,1,0
39211666,Trimester 1,0,1,0,0,1,0,1,0,0,0,0,1,0
39216209,Trimester 1,0,1,0,0,0,0,0,0,0,0,1,1,0
39218045,Trimester 1,0,1,0,0,1,0,0,0,0,0,1,1,0
39218706,Trimester 1,0,1,0,0,0,0,1,0,0,0,1,1,0
39227121,Trimester 1,0,1,1,0,1,0,0,0,0,0,1,1,0
39227611,Trimester 1,0,1,1,0,0,0,0,0,0,0,1,1,0
39230589,Trimester 1,0,1,1,0,0,0,0,0,0,0,1,1,0
39234563,Trimester 1,1,0,0,1,1,0,0,0,0,0,1,1,0
39235468,Trimester 1,1,0,1,0,0,0,0,0,0,0,1,1,0
39238002,Trimester 1,1,0,0,1,1,0,0,0,0,0,1,1,0
39241985,Trimester 1,0,1,1,0,0,0,0,0,0,0,1,1,0
39244323,Trimester 1,1,0,1,0,0,0,0,0,0,0,1,1,0
39248783,Trimester 1,1,0,1,0,0,0,0,0,0,0,1,1,0
39249260,Trimester 1,0,1,1,0,0,0,0,0,0,0,1,1,0
39319722,Trimester 1,0,1,0,0,0,0,0,0,0,1,1,1,0
39365372,Trimester 1,1,0,0,1,1,0,0,0,0,0,1,1,0
39427979,Trimester 1,0,1,1,0,0,0,1,0,0,0,1,1,0
39898230,Trimester 1,0,1,0,0,0,0,0,1,0,0,1,1,0
39898708,Trimester 1,1,0,1,0,1,0,0,0,0,0,1,1,0
39898720,Trimester 1,1,0,0,0,1,0,0,0,0,0,1,1,0
39898813,Trimester 1,0,1,0,0,0,0,0,0,0,0,1,1,0
39898818,Trimester 1,0,1,0,0,0,0,0,0,0,0,1,1,0
39898826,Trimester 1,0,1,0,0,0,0,0,0,1,0,1,1,0
39898830,Trimester 1,0,1,0,0,0,0,0,0,1,0,1,1,0
39898843,Trimester 1,1,0,1,0,0,0,0,0,1,1,1,1,0
39898857,Trimester 1,1,0,1,0,0,0,0,0,0,0,1,1,0
39898873,Trimester 1,0,1,0,1,0,0,0,0,0,0,0,1,0
39898883,Trimester 1,0,1,1,0,0,0,0,0,0,0,1,1,0
39898927,Trimester 1,0,1,0,0,1,0,0,0,0,0,1,1,0
39898936,Trimester 1,1,0,0,1,0,0,0,0,0,0,1,1,0
39898939,Trimester 1,1,0,0,0,1,0,0,0,0,0,1,1,0
39898951,Trimester 1,0,1,1,0,0,0,1,0,0,0,1,1,0
39898978,Trimester 1,1,0,0,1,0,0,0,0,0,0,0,1,0
39898993,Trimester 1,0,1,0,0,1,0,0,0,0,0,0,1,0
39898995,Trimester 1,0,2,1,0,0,0,0,0,0,0,1,1,0
39899004,Trimester 1,0,1,0,0,1,0,0,0,0,0,1,1,0
39899007,Trimester 1,0,1,0,0,1,0,0,0,0,0,1,1,0
39899009,Trimester 1,0,1,1,0,0,0,0,0,0,0,1,1,0
39899039,Trimester 1,1,0,1,0,1,0,0,0,0,1,0,1,0
39899050,Trimester 1,0,1,0,0,0,1,0,0,0,0,0,1,0
39899072,Trimester 1,0,1,1,0,0,0,0,0,0,0,1,1,0
39899076,Trimester 1,0,1,1,0,0,0,0,0,0,0,1,1,0
39899090,Trimester 1,1,0,1,0,1,0,0,0,0,0,1,1,0
39899096,Trimester 1,1,0,0,1,0,0,1,0,0,0,1,1,0
39899104,Trimester 1,0,1,1,0,1,0,0,0,0,0,1,1,0
39899108,Trimester 1,1,0,0,1,0,0,0,0,0,0,1,1,0
39899124,Trimester 1,0,1,0,0,0,0,0,0,1,0,1,1,0
39899131,Trimester 1,0,1,0,1,0,0,0,0,0,0,1,1,0
39899132,Trimester 1,1,0,1,0,0,0,1,0,0,0,1,1,0
39899137,Trimester 1,1,0,1,0,1,0,0,0,0,0,1,1,0
39899143,Trimester 1,1,1,1,0,0,0,0,0,0,0,1,1,0
39899156,Trimester 1,0,1,0,0,1,0,0,0,0,0,1,1,0
39899184,Trimester 1,0,1,1,0,0,0,0,0,0,0,1,1,0
39899223,Trimester 1,1,0,0,0,0,0,0,1,0,0,1,1,0
39899238,Trimester 1,1,0,0,0,1,0,0,0,1,0,1,1,0
39899239,Trimester 1,0,1,1,0,0,0,0,0,0,0,1,1,0
39899247,Trimester 1,1,0,0,1,0,0,1,0,0,0,1,1,0
39899285,Trimester 1,0,1,1,0,0,0,0,0,0,1,1,1,0
39899338,Trimester 1,0,1,1,0,0,0,0,0,0,0,1,1,0
39899362,Trimester 1,1,0,0,1,0,0,0,0,0,0,1,1,0
39899410,Trimester 1,1,0,0,0,1,0,1,0,0,0,1,1,0
39899425,Trimester 1,0,1,1,0,0,0,0,0,0,0,1,1,0
39899430,Trimester 1,0,1,1,0,0,0,0,0,0,0,1,1,0
39899457,Trimester 1,0,2,0,0,0,0,0,0,0,0,0,1,0
39899486,Trimester 1,0,1,0,0,1,0,0,0,0,0,1,1,0
39899504,Trimester 1,0,1,0,0,1,0,0,0,0,0,1,1,0
39899543,Trimester 1,1,0,1,0,0,0,1,0,0,0,1,1,0
39899553,Trimester 1,0,1,1,0,1,0,0,0,0,0,1,1,0
39899555,Trimester 1,0,1,1,0,0,0,0,0,0,0,1,1,0
39899601,Trimester 1,1,0,1,0,1,0,0,0,0,0,1,1,0
39899663,Trimester 1,1,0,1,0,1,0,0,0,0,0,1,1,0
39899717,Trimester 1,1,0,0,0,1,0,0,0,0,0,1,1,0
39899741,Trimester 1,0,1,1,0,0,0,0,0,0,0,1,1,0
39899750,Trimester 1,1,0,0,1,0,0,0,0,0,0,1,1,0
39899785,Trimester 1,1,0,1,0,0,0,0,0,0,0,1,1,0
39899791,Trimester 1,0,1,1,0,0,0,0,0,1,0,1,1,0
39899841,Trimester 1,1,0,0,1,0,0,0,0,0,0,1,1,0
39899877,Trimester 1,1,0,1,0,0,0,0,0,0,0,1,1,0
39899890,Trimester 1,1,0,1,0,1,0,0,0,0,0,1,1,0
39899897,Trimester 1,0,1,0,0,0,0,0,0,0,0,1,1,0
39899908,Trimester 1,0,1,0,0,0,0,0,0,0,0,1,1,0
39899924,Trimester 1,0,1,0,0,0,0,0,0,0,0,1,1,0
39899928,Trimester 1,0,1,0,0,0,0,1,0,0,0,1,1,0
39899991,Trimester 1,0,1,1,0,0,0,0,0,1,0,1,1,0
39900002,Trimester 1,0,1,0,0,0,0,0,0,0,0,1,1,0
39900048,Trimester 1,0,1,1,1,0,0,0,0,0,0,1,1,0
39900055,Trimester 1,0,1,0,0,1,0,0,0,0,0,1,1,0
39900066,Trimester 1,0,1,1,0,0,0,0,0,1,0,1,1,0
39900088,Trimester 1,1,0,0,1,1,0,0,0,0,0,1,1,0
39900089,Trimester 1,0,1,1,0,1,0,0,0,0,0,1,1,0
39900112,Trimester 1,0,1,0,1,0,0,0,0,0,0,1,1,0
39900135,Trimester 1,0,1,1,0,1,1,0,0,0,1,0,1,0
39900187,Trimester 1,0,1,1,0,1,0,0,0,0,0,1,1,0
39900193,Trimester 1,0,1,1,0,2,0,0,0,0,0,0,1,0
39900361,Trimester 1,1,0,1,0,1,0,0,0,0,0,1,1,0
39900400,Trimester 1,0,1,1,0,1,0,0,0,0,0,1,1,0
39900411,Trimester 1,1,0,0,0,1,0,0,0,0,0,1,1,0
39900451,Trimester 1,1,0,0,1,0,0,1,0,0,0,0,1,0
39900457,Trimester 1,1,0,0,0,1,0,0,0,0,0,1,1,0
39900494,Trimester 1,1,0,0,0,1,0,0,0,0,0,1,1,0
39900501,Trimester 1,0,1,0,0,0,0,1,0,0,0,1,1,0
39900503,Trimester 1,1,0,0,1,0,0,0,0,0,0,1,1,0
39900529,Trimester 1,0,1,0,0,1,0,0,0,0,0,1,1,0
39900610,Trimester 1,0,1,1,0,0,0,0,0,0,0,1,1,0
39900682,Trimester 1,0,1,1,0,0,0,0,0,0,0,1,1,0
39900931,Trimester 1,1,0,0,0,1,0,0,0,0,0,1,1,0
39900935,Trimester 1,1,0,0,0,0,0,0,0,1,0,0,1,0
39900997,Trimester 1,1,0,0,1,0,0,0,0,0,0,1,1,0
39901023,Trimester 1,0,1,1,0,1,0,0,0,0,0,1,1,0
39901223,Trimester 1,0,1,0,0,1,0,0,0,0,1,1,1,0
39901348,Trimester 1,0,1,1,0,0,0,0,0,0,1,1,1,0
39901772,Trimester 1,1,0,1,0,1,0,0,0,0,0,1,1,0
39902030,Trimester 1,0,1,1,0,0,0,0,0,0,0,1,1,0
39902100,Trimester 1,1,0,1,0,0,0,0,0,0,0,1,1,0
39902292,Trimester 1,0,1,1,0,1,0,0,0,0,1,1,1,0
39902398,Trimester 1,1,0,1,0,1,0,0,0,0,0,1,1,0
39902513,Trimester 1,0,1,1,0,0,0,0,0,0,0,1,1,0
39902620,Trimester 1,1,0,1,0,0,0,0,0,0,0,1,1,0
39902823,Trimester 1,1,0,1,0,1,0,0,0,0,0,1,1,0
39903016,Trimester 1,0,1,0,0,0,0,0,3,0,0,0,1,0
39903175,Trimester 1,1,0,0,1,0,0,0,0,0,1,1,1,0
39903198,Trimester 1,1,0,1,0,0,0,0,0,0,0,1,1,0
39903258,Trimester 1,1,0,0,0,1,0,1,0,0,0,1,1,0
39903273,Trimester 1,0,1,1,0,1,0,0,0,0,0,1,1,0
39903275,Trimester 1,0,1,0,1,0,0,0,0,1,0,1,1,0
39903371,Trimester 1,1,0,0,1,1,0,0,0,0,0,1,1,0
39903390,Trimester 1,1,0,1,1,0,0,0,0,0,0,1,1,0
39903447,Trimester 1,1,0,1,0,0,0,1,0,0,0,1,1,0
39903460,Trimester 1,1,0,0,1,1,0,0,0,0,0,1,1,0
39903469,Trimester 1,1,0,1,0,0,0,0,0,0,0,1,1,0
39903471,Trimester 1,0,1,1,0,1,0,0,0,0,1,1,1,0
39903481,Trimester 1,0,1,1,0,0,0,0,0,1,0,1,1,0
39903485,Trimester 1,1,0,0,1,0,0,1,0,0,0,1,1,0
39903589,Trimester 1,0,1,0,1,1,0,0,0,0,0,1,1,0
39903634,Trimester 1,1,0,0,1,1,0,0,0,0,0,1,1,0
39903769,Trimester 1,0,1,0,0,0,0,1,0,0,0,1,1,0
39903841,Trimester 1,0,1,1,1,0,0,0,0,0,0,0,1,0
39903842,Trimester 1,1,0,0,1,0,0,0,0,0,0,1,1,0
39903911,Trimester 1,1,0,1,0,0,0,0,0,0,0,1,1,0
39904691,Trimester 1,0,1,1,0,1,0,0,0,0,0,1,1,0
39904766,Trimester 1,1,0,1,0,1,0,0,0,0,0,1,1,0
39904925,Trimester 1,1,0,1,0,0,0,0,0,0,0,1,1,0
39905659,Trimester 1,1,0,0,0,1,0,0,0,0,0,0,1,0
39906183,Trimester 1,1,0,1,0,0,0,0,0,0,0,1,1,0
39906307,Trimester 1,0,1,0,1,0,0,0,0,0,0,1,1,0
39906360,Trimester 1,0,1,1,0,1,0,0,0,0,0,1,1,0
39906437,Trimester 1,0,1,1,0,0,0,0,0,0,0,1,1,0
39906537,Trimester 1,1,0,1,0,0,0,0,0,0,0,1,1,0
39906553,Trimester 1,0,1,0,0,0,0,1,0,0,0,1,1,0
39906800,Trimester 1,0,1,1,0,0,0,0,0,0,0,1,1,0
39906818,Trimester 1,0,1,0,0,1,0,0,0,1,0,1,1,0
39908647,Trimester 1,1,0,1,0,1,0,0,0,0,0,1,1,0
39909042,Trimester 1,0,1,0,0,0,0,1,0,0,0,1,1,0
39909475,Trimester 1,0,1,0,0,1,0,0,0,0,0,1,1,0
39909653,Trimester 1,0,1,1,0,1,0,0,0,0,0,1,1,0
39909752,Trimester 1,0,1,1,0,0,0,0,0,0,0,1,1,0
39909802,Trimester 1,0,1,0,0,0,0,0,0,1,0,0,1,0
39910248,Trimester 1,1,0,1,0,0,0,0,0,0,0,1,1,0
39911237,Trimester 1,1,0,1,0,0,0,0,0,0,0,1,1,0
39911385,Trimester 1,1,0,0,0,0,0,0,0,0,0,1,1,0
39911514,Trimester 1,0,1,0,0,0,0,0,0,1,0,1,1,0
39911553,Trimester 1,0,2,1,0,0,0,0,0,0,0,1,1,0
39912039,Trimester 1,1,0,0,1,0,0,1,0,0,0,1,1,0
39912354,Trimester 1,1,0,0,0,0,0,0,0,0,0,1,1,0
39912594,Trimester 1,1,0,1,0,0,0,0,0,0,0,1,1,0
39913309,Trimester 1,1,0,1,0,0,0,0,0,0,0,1,1,0
39913408,Trimester 1,0,1,0,0,1,0,0,0,0,0,1,1,0
39913421,Trimester 1,0,1,0,0,1,0,0,0,1,0,1,1,0
39913518,Trimester 1,0,1,1,0,0,0,0,0,0,0,0,1,0
39913604,Trimester 1,1,0,0,1,0,0,0,0,0,0,1,1,0
39913675,Trimester 1,0,1,0,0,1,0,0,0,0,0,1,1,0
39914135,Trimester 1,0,1,0,0,1,0,0,0,0,0,1,1,0
39914180,Trimester 1,0,1,0,0,1,0,0,0,1,0,1,1,0
39914755,Trimester 1,1,0,0,0,0,0,0,0,0,0,1,1,0
39914913,Trimester 1,1,0,0,1,1,0,0,0,0,0,1,1,0
39915048,Trimester 1,1,0,0,1,0,0,0,0,0,0,1,1,0
39915073,Trimester 1,0,1,0,0,0,0,0,0,0,0,1,1,0
39915254,Trimester 1,0,1,0,0,0,0,1,0,0,0,1,1,0
39915321,Trimester 1,0,1,0,0,0,0,1,0,0,0,1,1,0
39915721,Trimester 1,1,0,0,0,0,0,1,0,0,0,1,1,0
39915727,Trimester 1,1,0,0,1,1,0,0,0,0,0,1,1,0
39916191,Trimester 1,0,1,0,0,0,0,1,0,0,0,1,1,0
39916292,Trimester 1,1,0,0,0,0,0,0,0,1,0,1,1,0
39916561,Trimester 1,1,0,1,0,0,0,0,0,1,0,1,1,0
39917066,Trimester 1,1,0,0,1,0,0,0,0,0,0,1,1,0
39917191,Trimester 1,0,1,0,0,0,0,0,0,0,0,1,1,0
39919245,Trimester 1,0,1,1,0,0,0,0,0,0,0,1,1,0
39919332,Trimester 1,0,1,1,0,0,0,0,0,0,0,1,1,0
39919458,Trimester 1,0,1,1,0,0,0,0,0,0,0,1,1,0
39919531,Trimester 1,0,1,0,1,0,0,0,0,0,0,1,1,0
39920684,Trimester 1,0,1,0,0,1,0,0,0,0,0,1,1,0
39921224,Trimester 1,0,1,0,1,0,0,0,0,0,0,1,1,0
39922517,Trimester 1,0,1,1,0,0,0,0,0,0,1,1,1,0
39922535,Trimester 1,0,1,0,0,0,0,0,0,0,0,0,1,0
39922642,Trimester 1,0,1,0,0,1,0,0,0,0,0,1,1,0
39923061,Trimester 1,0,1,1,0,0,0,0,0,1,0,1,1,0
39924036,Trimester 1,0,1,1,0,0,0,0,0,0,0,1,1,0
39928644,Trimester 1,1,0,1,0,0,0,0,0,0,0,1,1,0
39930798,Trimester 1,0,1,0,0,1,0,0,0,0,0,1,1,0
39931660,Trimester 1,1,0,1,1,0,0,0,0,0,0,1,1,0
39932758,Trimester 1,0,1,0,0,1,0,0,0,0,0,1,1,0
39933588,Trimester 1,0,1,1,0,0,0,0,0,0,0,1,1,0
39933756,Trimester 1,0,1,0,0,1,0,0,0,0,0,1,1,0
39933763,Trimester 1,0,1,1,0,0,0,0,0,0,0,0,1,0
39934004,Trimester 1,0,1,1,0,1,0,0,0,0,0,1,1,0
39934040,Trimester 1,1,0,0,0,1,0,0,0,0,0,1,1,0
39934225,Trimester 1,0,1,1,0,0,0,0,0,0,0,1,1,0
39935221,Trimester 1,1,0,1,0,0,0,0,0,0,0,1,1,0
39936212,Trimester 1,0,1,1,0,0,0,0,0,0,0,1,1,0
39936879,Trimester 1,0,1,0,0,1,0,0,0,1,0,1,1,0
39937001,Trimester 1,0,1,0,0,0,0,0,0,0,0,1,1,0
39937044,Trimester 1,0,1,1,0,0,0,0,0,0,0,1,1,0
39937460,Trimester 1,1,0,1,0,0,0,0,0,0,0,1,1,0
39937890,Trimester 1,1,0,1,0,0,0,1,0,0,0,1,1,0
39938055,Trimester 1,0,1,1,0,1,0,0,0,0,0,1,1,0
39938760,Trimester 1,0,1,1,0,1,1,0,0,0,1,0,1,0
39938874,Trimester 1,1,0,0,1,0,0,0,0,0,0,1,1,0
39938876,Trimester 1,0,1,0,0,1,0,0,1,0,0,1,1,0
39938898,Trimester 1,0,1,1,0,0,0,0,0,0,0,1,1,0
39944426,Trimester 1,1,0,0,0,1,0,0,0,0,0,1,1,0
39944619,Trimester 1,0,1,1,0,1,0,0,0,0,0,1,1,0
39945131,Trimester 1,1,0,1,0,0,0,0,0,0,0,1,1,0
39945162,Trimester 1,1,0,0,1,0,0,0,0,0,0,1,1,0
39945962,Trimester 1,1,0,0,0,1,0,0,0,0,0,1,1,0
39946396,Trimester 1,0,1,0,0,1,0,0,0,0,0,1,1,0
39950594,Trimester 1,0,1,0,0,1,0,0,0,0,0,1,1,0
39950605,Trimester 1,1,0,0,1,0,0,0,0,0,0,1,1,0
39950980,Trimester 1,0,1,0,0,1,0,0,0,0,0,1,1,0
39951282,Trimester 1,0,1,0,0,1,0,0,0,0,0,1,1,0
39951874,Trimester 1,1,0,1,0,1,0,0,0,0,0,1,1,0
39952922,Trimester 1,0,1,0,0,0,0,0,0,0,0,1,1,0
39953401,Trimester 1,1,0,0,0,1,1,0,0,0,0,1,1,0
39953458,Trimester 1,0,1,0,0,1,1,0,0,0,0,1,1,0
39953462,Trimester 1,0,1,1,0,0,1,0,0,0,0,1,1,0
39953759,Trimester 1,0,1,1,0,1,0,0,0,0,0,1,1,0
39954230,Trimester 1,0,1,0,0,0,0,0,1,0,0,1,1,0
39954412,Trimester 1,1,0,0,0,1,0,0,0,0,0,1,1,0
39955546,Trimester 1,0,1,0,0,1,0,0,0,0,0,1,1,0
39958952,Trimester 1,0,1,1,0,1,0,1,0,0,1,0,1,0
39959498,Trimester 1,1,0,0,1,1,0,0,0,0,0,1,1,0
39961128,Trimester 1,1,0,1,0,0,0,0,0,0,0,1,1,0
39961574,Trimester 1,1,0,0,1,0,0,0,0,0,0,1,1,0
39973132,Trimester 1,0,1,1,0,0,0,0,0,1,0,1,1,0
39981622,Trimester 1,1,0,1,0,0,0,0,0,0,0,1,1,0
39982408,Trimester 1,1,0,1,0,0,0,0,0,0,0,1,1,0
39988997,Trimester 1,1,0,0,0,1,0,0,0,0,0,0,1,0
39990970,Trimester 1,1,1,0,0,0,0,0,0,0,0,1,1,0
39991630,Trimester 1,0,1,1,1,0,0,0,0,0,0,1,1,0
39997533,Trimester 1,1,0,1,0,0,0,0,0,0,0,1,1,0
39998992,Trimester 1,1,0,0,1,1,0,0,0,0,0,1,1,0
12700054,Trimester 2,0,1,0,0,0,0,1,0,0,0,1,1,0
38125885,Trimester 2,0,1,0,0,0,0,0,0,0,0,1,0,1
38126131,Trimester 2,0,0,0,1,0,0,0,0,0,1,1,0,3
38126476,Trimester 2,0,2,0,0,0,0,1,1,0,0,0,0,0
38126487,Trimester 2,0,1,1,0,0,0,1,1,1,0,1,0,0
38126499,Trimester 2,0,2,0,0,0,0,0,1,0,0,1,0,1
38126500,Trimester 2,0,1,1,0,0,0,0,0,0,0,1,0,0
38126514,Trimester 2,0,1,1,0,0,0,1,0,1,0,0,0,0
38126522,Trimester 2,1,2,0,0,0,0,0,0,0,0,1,0,0
38126537,Trimester 2,0,1,0,0,0,0,0,0,0,0,0,0,1
38126581,Trimester 2,0,1,0,0,0,0,0,0,0,0,0,0,1
38126584,Trimester 2,0,1,1,0,0,0,0,0,0,0,1,0,1
38126588,Trimester 2,0,1,0,0,0,0,0,1,1,1,0,0,0
38126602,Trimester 2,0,1,1,0,0,0,1,0,0,0,1,0,0
38126603,Trimester 2,0,1,0,1,0,0,0,0,1,0,1,0,0
38126658,Trimester 2,0,0,0,0,0,0,0,0,0,2,1,0,2
38126662,Trimester 2,0,1,0,0,0,0,0,0,0,0,0,0,1
38126693,Trimester 2,0,1,0,0,0,0,1,0,1,0,0,0,0
38126723,Trimester 2,0,1,0,0,0,0,1,1,0,0,1,0,0
38126730,Trimester 2,0,1,0,0,2,0,0,1,0,0,1,0,0
38126785,Trimester 2,1,1,0,0,0,0,0,0,0,0,0,0,1
38126786,Trimester 2,0,1,0,1,0,0,0,0,0,1,1,0,2
38126789,Trimester 2,0,1,0,0,0,0,0,0,0,1,1,0,1
38126798,Trimester 2,0,1,1,0,0,0,1,1,0,0,1,0,0
38126801,Trimester 2,0,1,1,0,0,0,0,0,0,0,1,0,1
38126827,Trimester 2,0,2,0,0,0,0,0,0,0,0,0,0,0
38126846,Trimester 2,0,1,1,0,0,0,0,0,0,0,1,0,1
38126848,Trimester 2,0,1,0,0,0,0,1,0,0,0,1,0,0
38126849,Trimester 2,0,1,0,0,0,0,0,1,0,0,0,0,1
38126851,Trimester 2,0,1,0,0,0,1,0,0,0,0,1,0,1
38126877,Trimester 2,0,1,0,1,0,0,0,0,0,0,1,0,0
38126927,Trimester 2,0,2,1,0,0,0,0,0,1,0,0,0,1
38126928,Trimester 2,0,1,0,0,0,0,1,0,0,0,1,0,1
38126945,Trimester 2,0,0,0,0,0,0,0,0,0,0,0,0,2
38126988,Trimester 2,0,1,0,0,0,0,0,1,0,0,1,0,1
38126994,Trimester 2,0,1,0,0,0,0,0,1,0,0,0,0,1
38127061,Trimester 2,0,2,1,0,0,0,0,0,0,0,1,0,1
38127100,Trimester 2,0,1,1,0,0,0,0,0,1,0,1,0,1
38127116,Trimester 2,0,1,1,0,0,1,0,0,0,1,0,0,1
38127125,Trimester 2,0,1,0,0,0,0,0,0,1,0,1,0,0
38127162,Trimester 2,0,1,0,0,0,0,0,0,1,0,1,0,0
38127221,Trimester 2,0,3,1,0,0,0,1,0,0,0,0,0,0
38127258,Trimester 2,0,1,0,0,0,0,0,0,0,0,0,0,1
38127281,Trimester 2,0,0,1,0,0,0,1,0,1,0,0,0,1
38127291,Trimester 2,0,1,0,0,0,1,0,0,0,0,0,0,1
38127293,Trimester 2,0,1,0,0,0,0,0,0,0,0,0,0,1
38127303,Trimester 2,0,1,0,1,0,1,0,0,0,0,0,0,0
38127324,Trimester 2,0,1,0,1,0,0,0,0,0,0,1,0,0
38127329,Trimester 2,0,1,0,1,0,1,0,0,0,0,0,0,0
38127352,Trimester 2,0,1,0,1,0,0,0,0,0,0,1,0,1
38127366,Trimester 2,1,0,0,0,0,0,0,1,0,0,1,0,1
38127370,Trimester 2,0,1,1,0,0,0,0,0,0,0,1,0,1
38127372,Trimester 2,0,1,1,0,0,1,0,0,0,0,1,0,0
38127385,Trimester 2,0,1,1,0,0,0,0,0,1,0,1,0,1
38127399,Trimester 2,0,1,0,0,0,0,0,1,0,0,0,0,1
38127429,Trimester 2,0,1,1,0,0,0,0,1,0,0,0,0,1
38127504,Trimester 2,0,1,1,0,0,0,0,0,0,0,0,0,1
38127540,Trimester 2,0,1,1,0,0,0,0,0,0,0,1,0,1
38127552,Trimester 2,0,1,0,0,0,0,0,0,0,0,0,0,1
38127579,Trimester 2,0,1,1,0,0,0,0,0,0,0,0,0,0
38127643,Trimester 2,0,1,0,0,0,0,0,0,0,0,0,0,1
38127655,Trimester 2,0,2,0,0,0,0,1,0,0,0,1,0,1
38127664,Trimester 2,0,0,0,0,0,1,0,0,0,0,1,0,1
38127687,Trimester 2,0,1,0,0,0,0,0,0,1,0,1,0,1
38127711,Trimester 2,0,1,0,0,0,0,0,0,0,0,0,0,1
38127742,Trimester 2,0,1,0,0,0,0,1,1,0,0,0,0,1
38127744,Trimester 2,0,0,0,0,1,0,0,0,0,0,1,0,1
38127762,Trimester 2,1,2,1,0,0,0,0,0,0,0,0,0,1
38127778,Trimester 2,0,1,1,0,0,0,0,0,1,0,0,0,1
38127783,Trimester 2,0,1,0,0,0,0,0,0,0,0,1,0,1
38127793,Trimester 2,0,1,1,0,0,0,0,0,0,0,1,0,1
38127801,Trimester 2,0,1,0,0,0,0,0,0,1,0,1,0,0
38128080,Trimester 2,0,1,1,0,0,0,1,0,0,0,0,0,0
38128084,Trimester 2,0,1,1,0,0,0,0,0,0,0,0,0,1
38128131,Trimester 2,0,1,0,0,0,0,0,0,0,0,1,0,0
38128139,Trimester 2,0,1,0,0,0,0,1,1,1,0,0,0,1
38128151,Trimester 2,0,1,1,0,0,1,1,0,0,0,0,0,1
38128154,Trimester 2,0,0,1,0,0,0,2,0,1,1,0,0,1
38128178,Trimester 2,0,1,0,0,0,0,0,0,0,0,0,0,1
38128212,Trimester 2,0,1,1,0,0,0,0,0,0,0,0,0,1
38128222,Trimester 2,0,1,0,0,0,0,1,0,1,0,0,0,1
38128263,Trimester 2,0,1,1,0,0,1,0,0,0,0,1,0,0
38128330,Trimester 2,0,1,0,1,0,0,0,0,0,0,0,0,2
38128388,Trimester 2,0,1,1,0,0,0,0,0,0,0,1,0,1
38128430,Trimester 2,0,1,0,0,0,0,0,0,1,0,1,0,0
38128440,Trimester 2,0,1,1,0,0,0,0,1,0,0,1,0,0
38128444,Trimester 2,0,1,0,0,0,0,1,0,0,0,0,0,1
38128448,Trimester 2,0,1,0,0,0,0,0,0,0,0,0,0,1
38128488,Trimester 2,0,1,0,0,0,0,0,0,1,0,0,0,1
38128508,Trimester 2,0,1,0,0,0,0,0,0,0,0,0,0,2
38128529,Trimester 2,0,1,1,0,0,0,0,0,0,0,1,0,2
38128546,Trimester 2,0,1,0,0,0,0,0,0,0,0,0,0,2
38128558,Trimester 2,0,1,0,0,0,0,1,0,1,0,0,0,0
38128739,Trimester 2,0,1,1,0,0,0,0,0,0,0,0,0,1
38128795,Trimester 2,0,1,0,0,0,0,0,0,1,0,1,0,1
38128831,Trimester 2,0,1,0,0,0,0,0,1,1,0,0,0,0
38128860,Trimester 2,0,1,1,0,0,0,0,0,1,0,0,0,1
38128870,Trimester 2,0,1,1,0,0,0,0,0,0,0,0,0,1
38128881,Trimester 2,0,2,0,0,0,0,0,0,0,0,1,0,0
38128895,Trimester 2,0,1,1,0,0,0,0,0,0,0,1,0,1
38128958,Trimester 2,0,1,1,0,0,1,0,0,0,0,0,0,1
38128976,Trimester 2,0,1,0,0,0,0,0,0,0,0,0,0,0
38129002,Trimester 2,0,1,0,0,0,0,0,0,0,1,0,0,2
38129048,Trimester 2,0,1,0,0,0,0,1,0,0,0,0,0,1
38129093,Trimester 2,0,1,0,1,0,0,1,0,0,0,1,0,0
38129139,Trimester 2,0,1,0,0,0,1,0,0,0,1,0,0,1
38129143,Trimester 2,0,1,1,0,0,0,0,0,1,0,1,0,0
38129144,Trimester 2,0,1,1,0,0,0,0,0,0,0,1,0,1
38129161,Trimester 2,0,1,1,0,0,0,0,0,0,0,1,0,1
38129422,Trimester 2,0,1,1,0,0,0,0,0,0,0,0,0,1
38129512,Trimester 2,0,1,0,1,0,1,0,0,0,0,1,0,0
38129520,Trimester 2,0,2,0,0,0,0,0,1,0,0,1,0,1
38129677,Trimester 2,0,1,1,0,0,0,0,0,0,0,1,0,1
38129686,Trimester 2,0,1,0,0,0,0,0,0,0,0,1,0,0
38130103,Trimester 2,0,1,0,0,1,1,0,0,0,0,1,0,0
38130254,Trimester 2,0,1,0,0,0,1,0,0,0,1,0,0,1
38130423,Trimester 2,0,1,1,0,0,0,0,0,0,1,0,0,1
38130866,Trimester 2,0,1,0,1,0,1,0,0,0,0,1,0,0
38130941,Trimester 2,0,1,0,0,0,0,0,0,0,0,0,0,1
38131262,Trimester 2,0,1,1,0,0,0,0,0,0,0,0,0,1
38131281,Trimester 2,0,1,0,0,0,0,0,1,0,0,0,0,0
38131561,Trimester 2,0,2,0,1,0,0,1,0,0,0,0,0,0
38131735,Trimester 2,0,1,1,0,0,0,0,0,0,0,0,0,1
38131801,Trimester 2,0,1,0,0,0,0,0,0,0,0,0,0,0
38131943,Trimester 2,0,1,0,0,0,0,0,0,0,0,1,0,2
38132052,Trimester 2,0,1,0,0,0,0,0,1,0,0,0,0,1
38134101,Trimester 2,0,2,1,0,0,0,0,0,1,0,1,0,0
38134318,Trimester 2,0,1,1,0,0,0,2,0,0,0,1,0,0
38134451,Trimester 2,0,1,1,0,0,0,0,0,0,0,0,0,1
38134519,Trimester 2,0,1,1,0,0,0,0,0,0,0,1,0,0
38134610,Trimester 2,0,1,0,0,0,0,0,0,0,0,1,0,0
38134698,Trimester 2,0,1,1,0,0,0,0,0,1,0,0,0,0
38134707,Trimester 2,0,1,0,0,0,0,1,0,0,0,0,0,1
38134733,Trimester 2,0,1,0,1,0,0,0,0,0,0,0,0,1
38134914,Trimester 2,0,1,1,0,0,0,0,0,0,1,1,0,1
38135080,Trimester 2,0,2,0,0,1,0,0,1,0,0,0,0,0
38135223,Trimester 2,0,2,0,0,0,0,0,0,0,0,0,0,1
38135714,Trimester 2,0,1,1,0,0,0,0,0,0,0,1,0,1
38136819,Trimester 2,0,1,0,0,0,0,0,0,0,0,1,0,1
38137382,Trimester 2,0,1,0,0,0,1,1,0,0,0,1,0,0
38137546,Trimester 2,0,1,1,0,1,0,0,0,0,0,0,0,1
38137898,Trimester 2,0,2,0,0,0,0,0,0,0,0,0,0,1
38138217,Trimester 2,0,1,0,1,0,0,0,0,0,0,0,0,1
38138223,Trimester 2,0,1,0,0,0,1,0,0,0,0,1,0,1
38139221,Trimester 2,0,1,0,0,0,0,0,0,0,0,1,0,1
38139338,Trimester 2,0,1,0,0,0,0,0,0,1,0,0,0,2
38139413,Trimester 2,0,1,0,0,0,0,0,1,0,0,0,0,1
38140115,Trimester 2,0,1,0,1,0,0,1,1,1,0,1,0,0
38140237,Trimester 2,0,0,1,0,0,0,0,0,1,0,0,0,1
38140327,Trimester 2,0,1,1,0,0,0,0,0,0,0,0,0,0
38140432,Trimester 2,0,1,0,1,0,0,0,0,1,0,1,0,1
38140708,Trimester 2,0,0,1,0,0,0,1,1,0,0,1,0,0
38141193,Trimester 2,0,1,0,0,0,0,1,0,0,0,1,0,0
38142200,Trimester 2,0,1,1,0,0,0,0,0,1,0,1,0,1
38142214,Trimester 2,0,1,0,0,0,0,1,1,0,0,0,0,1
38142219,Trimester 2,0,1,0,0,0,0,0,0,0,0,0,0,1
38142425,Trimester 2,0,1,0,0,1,0,0,0,0,0,0,0,1
38142452,Trimester 2,0,1,0,0,0,0,1,0,0,0,1,0,0
38142470,Trimester 2,0,1,1,0,0,0,0,0,0,0,1,0,1
38142735,Trimester 2,0,1,0,1,0,1,1,0,0,0,0,0,0
38142903,Trimester 2,0,1,0,1,0,0,0,0,0,0,0,0,1
38142934,Trimester 2,0,1,1,0,0,0,1,0,0,0,0,0,1
38143068,Trimester 2,0,1,1,0,0,0,0,0,1,0,1,0,1
38143312,Trimester 2,0,2,0,0,0,0,0,0,0,0,0,0,0
38143474,Trimester 2,0,1,0,0,0,0,0,0,0,0,1,0,1
38143688,Trimester 2,0,1,0,1,0,0,0,0,0,0,1,0,2
38143836,Trimester 2,0,2,0,0,0,0,0,0,1,0,1,0,1
38143849,Trimester 2,0,0,1,0,0,0,0,0,1,0,0,0,1
38143873,Trimester 2,0,1,0,0,0,0,0,0,0,0,1,0,1
38143879,Trimester 2,0,1,1,0,0,0,0,0,1,0,0,0,1
38144285,Trimester 2,0,2,0,0,0,0,0,0,0,0,0,0,0
38144694,Trimester 2,0,1,1,0,0,0,0,0,0,1,1,0,1
38144766,Trimester 2,0,2,0,0,0,0,0,0,0,0,0,0,1
38144815,Trimester 2,0,1,0,1,0,0,0,0,0,2,0,0,1
38145122,Trimester 2,0,1,0,0,0,1,0,1,0,0,0,0,1
38145132,Trimester 2,0,2,0,0,0,0,0,1,1,0,0,0,0
38145447,Trimester 2,0,1,1,0,1,0,0,0,0,0,0,0,0
38145963,Trimester 2,0,1,0,0,0,0,0,1,1,0,1,0,1
38146190,Trimester 2,0,1,1,0,1,0,0,0,1,0,0,0,0
38146261,Trimester 2,0,1,1,0,0,1,0,0,1,0,1,0,0
38146633,Trimester 2,0,2,0,0,0,0,1,0,0,0,0,0,1
38146796,Trimester 2,0,2,1,0,0,0,0,0,1,0,0,0,1
38147890,Trimester 2,0,1,1,0,0,0,0,0,1,0,0,0,0
38148418,Trimester 2,0,2,0,0,0,0,0,0,0,0,0,0,1
38151707,Trimester 2,0,2,0,0,0,1,0,0,0,0,0,0,0
38151804,Trimester 2,0,2,1,0,0,0,0,0,0,0,0,0,1
38153625,Trimester 2,0,1,1,0,0,0,1,0,1,0,0,0,1
38153785,Trimester 2,0,1,1,0,0,0,0,0,0,1,0,0,1
38155234,Trimester 2,0,1,0,0,0,1,0,0,0,0,0,0,1
38156045,Trimester 2,0,0,0,0,0,0,0,0,0,0,0,0,1
38156934,Trimester 2,0,1,1,0,0,0,0,0,1,0,1,0,1
38156965,Trimester 2,0,3,1,0,0,0,0,0,0,0,0,0,1
38157018,Trimester 2,0,1,1,0,0,0,0,0,0,0,1,0,1
38157158,Trimester 2,0,1,1,0,0,0,0,0,0,1,1,0,1
38157401,Trimester 2,0,2,1,0,0,0,1,0,0,0,0,0,0
38159682,Trimester 2,0,1,0,0,0,0,0,0,0,0,0,0,1
38159821,Trimester 2,0,1,0,1,0,0,0,0,0,0,1,0,1
38160273,Trimester 2,0,0,0,0,0,0,1,0,0,0,1,0,1
38160502,Trimester 2,0,2,1,0,0,0,0,0,0,0,0,0,1
38160713,Trimester 2,0,1,0,0,0,0,1,1,0,0,1,0,0
38160767,Trimester 2,0,1,0,1,0,0,1,0,0,0,1,0,1
38160893,Trimester 2,0,1,0,0,0,0,2,0,0,0,1,0,0
38162336,Trimester 2,0,1,0,0,0,0,1,0,0,0,1,0,0
38162498,Trimester 2,0,1,0,0,0,0,0,0,0,0,0,0,1
38162964,Trimester 2,0,1,0,0,0,0,1,1,1,0,0,0,0
38163029,Trimester 2,0,1,0,0,0,0,0,0,0,1,0,0,1
38163065,Trimester 2,0,0,0,0,0,0,0,0,1,0,0,0,2
38163071,Trimester 2,0,1,1,0,0,0,0,1,0,1,0,0,1
38163296,Trimester 2,1,1,1,0,0,0,0,0,1,0,0,0,0
38163397,Trimester 2,0,1,1,0,0,0,1,0,0,0,0,0,1
38164025,Trimester 2,0,1,0,0,1,0,1,0,1,0,1,0,0
38165395,Trimester 2,0,1,0,1,0,0,0,0,0,0,0,0,1
38167495,Trimester 2,0,1,0,0,0,0,0,0,1,0,1,0,1
38169143,Trimester 2,0,1,1,0,0,0,0,0,0,1,2,0,1
38169650,Trimester 2,0,1,0,1,0,0,0,0,0,1,1,0,2
38170761,Trimester 2,0,1,1,0,0,0,0,0,1,0,0,0,1
38172141,Trimester 2,0,3,0,0,0,0,0,0,0,0,1,0,0
38173099,Trimester 2,0,1,1,0,0,0,0,0,0,1,0,0,2
38174002,Trimester 2,0,2,1,0,0,0,1,0,0,0,0,0,1
38175371,Trimester 2,0,0,0,1,0,0,1,0,2,0,0,0,1
38175409,Trimester 2,0,2,0,0,0,0,0,1,0,0,0,0,1
38175751,Trimester 2,0,1,0,0,0,0,0,0,1,0,0,0,1
38177233,Trimester 2,0,1,0,0,0,0,1,0,0,0,1,0,1
38177267,Trimester 2,0,1,0,0,0,0,0,0,1,0,1,0,1
38178070,Trimester 2,0,1,0,0,0,0,0,0,1,0,0,0,1
38178571,Trimester 2,1,0,0,0,0,0,0,0,1,0,1,0,1
38178646,Trimester 2,0,1,0,0,0,1,0,0,0,0,0,0,0
38178907,Trimester 2,0,2,0,0,0,0,0,0,0,0,0,0,1
38179977,Trimester 2,0,1,0,0,0,0,0,0,0,0,1,0,2
38180140,Trimester 2,1,1,0,0,0,0,0,0,0,0,0,0,1
38180428,Trimester 2,0,1,1,0,0,0,1,0,1,0,0,0,0
38180494,Trimester 2,0,1,0,1,0,0,1,0,0,0,1,0,0
38180697,Trimester 2,0,1,0,0,0,0,0,1,0,0,0,0,0
38181161,Trimester 2,0,2,0,0,0,0,0,0,0,0,0,0,1
38181281,Trimester 2,0,0,1,0,0,0,0,0,0,0,1,0,1
38181374,Trimester 2,0,0,1,0,0,0,0,0,0,0,1,0,1
38182467,Trimester 2,0,1,0,0,0,0,0,0,0,0,1,0,1
38186324,Trimester 2,0,1,0,0,0,1,0,0,0,0,0,0,1
38186826,Trimester 2,0,1,0,0,0,1,0,1,0,0,1,0,1
38188138,Trimester 2,0,1,0,1,0,0,0,0,0,0,0,0,1
38190055,Trimester 2,0,2,1,0,0,0,0,0,1,0,1,0,0
38193495,Trimester 2,0,2,0,0,0,0,0,0,0,0,1,0,1
38197682,Trimester 2,0,1,0,0,0,0,1,0,0,0,0,0,1
38197815,Trimester 2,0,1,0,0,0,0,1,0,1,0,0,0,0
38198399,Trimester 2,0,1,1,0,0,0,1,0,0,0,0,0,1
38199443,Trimester 2,0,1,0,0,1,0,0,0,0,0,1,0,0
38201522,Trimester 2,0,1,0,1,0,0,1,0,0,0,0,0,1
38201865,Trimester 2,0,1,1,0,0,0,1,0,0,0,1,0,1
38202360,Trimester 2,0,2,1,0,0,0,0,0,1,1,0,0,0
38211684,Trimester 2,0,0,0,0,0,0,0,1,0,0,1,0,1
38216777,Trimester 2,0,1,0,0,0,0,0,1,0,0,0,0,1
38220080,Trimester 2,0,2,0,1,0,0,0,0,0,0,1,0,1
38220577,Trimester 2,0,1,0,0,0,0,0,0,0,0,1,0,1
38220596,Trimester 2,0,1,0,0,0,0,0,0,0,0,1,0,2
38231861,Trimester 2,0,1,0,0,0,0,1,0,0,1,0,0,1
38238093,Trimester 2,0,0,0,0,0,0,0,0,0,0,1,0,0
38239788,Trimester 2,0,1,0,0,0,1,0,0,0,0,1,0,0
38287634,Trimester 2,0,1,0,1,0,0,1,1,0,0,0,0,0
38289491,Trimester 2,0,1,0,1,1,0,0,0,0,1,1,0,0
38299415,Trimester 2,0,2,1,0,0,0,0,0,0,0,0,0,1
38305059,Trimester 2,0,1,0,1,0,1,0,0,0,0,1,0,1
38306143,Trimester 2,1,0,0,0,0,0,1,0,0,0,0,0,1
38307860,Trimester 2,0,2,0,0,0,0,0,1,0,0,1,0,1
38311096,Trimester 2,0,2,1,0,0,0,0,0,1,0,0,0,1
38313832,Trimester 2,0,2,0,0,1,0,0,0,0,0,0,0,1
38315644,Trimester 2,0,1,0,0,0,0,0,0,1,0,0,0,0
38317204,Trimester 2,0,1,0,0,0,0,0,0,0,0,1,0,0
38317791,Trimester 2,0,2,0,0,0,0,1,0,1,1,0,0,0
38318711,Trimester 2,0,2,0,0,0,0,0,0,0,0,0,0,0
38326984,Trimester 2,0,1,1,0,0,0,1,0,0,0,1,0,0
38327477,Trimester 2,1,3,0,0,0,0,0,0,0,0,1,0,0
38330624,Trimester 2,0,1,1,0,0,1,0,0,0,0,0,0,1
38330682,Trimester 2,1,0,0,0,0,0,0,0,0,0,0,0,1
38330868,Trimester 2,0,1,0,1,1,0,0,0,0,0,1,0,1
38331604,Trimester 2,0,1,0,0,1,1,0,0,0,0,0,0,1
38331826,Trimester 2,0,1,0,1,0,0,1,0,0,0,0,0,1
38331849,Trimester 2,0,1,0,0,0,0,0,0,0,0,1,0,1
38331987,Trimester 2,1,3,0,0,0,0,0,0,0,0,0,0,1
38332228,Trimester 2,0,1,1,0,0,0,0,0,0,0,1,0,0
38332461,Trimester 2,0,0,0,0,0,1,0,1,0,0,1,0,1
38333200,Trimester 2,0,1,1,0,0,0,0,0,0,0,0,0,1
38333244,Trimester 2,0,1,0,0,0,0,0,0,0,0,0,0,1
38333293,Trimester 2,0,1,0,0,0,0,0,0,1,0,1,0,1
38333349,Trimester 2,0,1,0,0,0,0,0,0,1,0,0,0,1
38333600,Trimester 2,0,1,1,0,0,0,0,0,0,0,0,0,0
38334624,Trimester 2,0,1,0,1,0,0,0,0,0,1,1,0,1
38334814,Trimester 2,0,1,0,0,0,0,0,0,0,0,1,0,1
38335106,Trimester 2,0,1,0,0,0,1,0,0,1,0,0,0,0
38336704,Trimester 2,0,1,1,1,0,1,0,0,0,0,0,0,1
38337263,Trimester 2,0,1,1,0,0,1,0,0,0,1,0,0,0
38340642,Trimester 2,0,2,1,0,0,0,0,0,1,0,0,0,1
38341967,Trimester 2,0,1,1,0,0,0,0,0,0,0,0,0,2
38342531,Trimester 2,0,1,1,0,0,0,0,0,0,0,0,0,0
38345790,Trimester 2,0,1,1,0,0,0,0,0,0,0,1,0,2
38346079,Trimester 2,0,1,0,0,0,0,0,0,1,0,0,0,2
38346106,Trimester 2,0,1,0,1,0,0,0,0,0,0,0,0,2
38346339,Trimester 2,0,1,0,0,0,0,0,0,1,0,1,0,1
38348534,Trimester 2,0,1,0,1,0,0,0,0,0,0,0,0,2
38348984,Trimester 2,0,1,0,0,0,0,1,0,0,0,0,0,1
38349850,Trimester 2,0,1,1,0,0,0,0,0,0,0,1,0,1
38349980,Trimester 2,0,1,1,0,0,0,1,0,0,0,1,0,1
38350090,Trimester 2,0,1,0,0,0,0,0,0,0,0,0,0,2
38350619,Trimester 2,0,1,0,0,0,0,0,1,0,0,0,0,0
38352904,Trimester 2,0,1,0,0,0,0,0,1,0,0,1,0,1
38353056,Trimester 2,0,1,0,0,0,0,0,0,1,0,0,0,2
38353523,Trimester 2,0,1,0,0,1,0,0,0,0,0,0,0,1
38355678,Trimester 2,0,1,0,0,0,0,1,0,0,1,0,0,0
38359685,Trimester 2,0,1,1,0,0,0,1,0,0,0,0,0,2
38363645,Trimester 2,0,1,1,0,0,0,1,0,1,0,0,0,1
38365014,Trimester 2,0,2,0,0,0,0,0,0,0,0,0,0,0
38365425,Trimester 2,0,1,0,1,0,0,0,0,0,0,1,0,1
38365816,Trimester 2,0,1,0,0,0,0,0,0,1,0,0,0,1
38367352,Trimester 2,0,1,0,0,1,0,0,0,1,0,1,0,0
38376858,Trimester 2,0,1,0,0,0,1,0,0,1,0,0,0,0
38379622,Trimester 2,0,1,1,0,0,0,1,0,0,0,0,0,1
38381912,Trimester 2,0,1,0,0,1,0,0,0,0,0,0,0,1
38383791,Trimester 2,0,1,1,0,0,0,0,0,1,1,1,0,1
38383855,Trimester 2,0,1,0,0,0,0,1,0,0,0,0,0,1
38384852,Trimester 2,0,1,0,0,0,0,0,0,0,0,0,0,1
38385015,Trimester 2,0,1,0,1,0,0,0,0,0,0,1,0,1
38386927,Trimester 2,0,2,1,0,0,0,0,0,0,0,0,0,1
38387934,Trimester 2,0,1,1,0,0,0,0,0,0,0,0,0,1
38388453,Trimester 2,0,1,0,0,0,0,1,0,0,0,1,0,1
38388845,Trimester 2,0,1,0,1,0,1,0,0,0,0,0,0,1
38388893,Trimester 2,0,1,1,0,0,0,0,0,0,1,1,0,2
38391390,Trimester 2,0,1,0,0,0,0,0,0,1,0,1,0,1
38392276,Trimester 2,0,1,1,0,0,0,0,0,0,0,1,0,1
38393145,Trimester 2,0,1,0,0,0,0,0,0,0,0,1,0,1
38395460,Trimester 2,0,1,0,0,0,0,0,0,1,1,1,0,1
38395990,Trimester 2,0,1,0,0,0,0,0,0,0,0,1,0,1
38397197,Trimester 2,0,1,0,0,0,0,1,0,0,0,1,0,1
38397327,Trimester 2,0,2,0,1,0,0,0,0,0,0,1,0,1
38397736,Trimester 2,0,1,0,0,0,1,0,0,1,0,0,0,0
38399132,Trimester 2,0,1,0,1,0,0,1,0,0,0,1,0,1
38400077,Trimester 2,0,1,0,0,0,0,0,0,0,0,1,0,1
38403765,Trimester 2,0,1,0,1,0,0,0,1,1,0,0,0,1
38404296,Trimester 2,0,1,0,0,0,0,0,0,1,0,0,0,1
38404675,Trimester 2,0,1,0,0,0,0,0,0,1,0,0,0,1
38406665,Trimester 2,1,1,1,0,0,0,0,0,1,0,0,0,0
38407040,Trimester 2,0,1,0,1,0,1,0,0,0,0,0,0,1
38408005,Trimester 2,0,1,0,0,0,0,0,0,0,1,1,0,2
38413431,Trimester 2,0,0,1,0,0,0,0,0,1,0,0,0,1
38413981,Trimester 2,0,2,1,0,0,0,0,0,0,0,1,0,1
38417030,Trimester 2,0,1,1,0,0,0,0,0,0,0,0,0,1
38418247,Trimester 2,0,1,1,0,0,0,0,0,1,0,0,0,2
38422835,Trimester 2,0,1,0,0,0,0,0,0,1,0,0,0,0
38425897,Trimester 2,0,1,0,1,0,0,0,0,2,1,1,0,0
38428094,Trimester 2,0,1,0,0,0,0,0,0,0,1,0,0,2
38428469,Trimester 2,0,1,1,0,0,0,1,0,0,0,1,0,1
38428567,Trimester 2,0,0,0,1,0,0,0,0,1,0,0,0,1
38429200,Trimester 2,0,0,0,0,0,0,0,0,0,0,0,0,0
39008009,Trimester 2,1,0,0,1,0,0,1,0,0,0,1,1,0
39021877,Trimester 2,0,1,0,0,1,0,0,0,0,0,1,1,0
39025236,Trimester 2,0,1,0,0,0,0,1,0,0,0,1,1,0
39032825,Trimester 2,0,1,1,0,0,0,0,0,0,0,1,1,0
39033555,Trimester 2,1,0,1,0,0,0,1,0,0,0,1,1,0
39038197,Trimester 2,0,1,1,0,1,0,0,0,0,0,0,1,0
39045451,Trimester 2,0,1,0,0,0,0,1,0,0,0,1,1,0
39111241,Trimester 2,1,0,0,1,0,0,0,0,0,0,1,1,0
39111415,Trimester 2,0,1,1,0,0,0,0,0,0,0,1,1,0
39112405,Trimester 2,0,1,0,0,0,0,0,1,0,0,0,1,0
39113726,Trimester 2,0,1,1,0,0,0,0,1,0,0,1,1,0
39124139,Trimester 2,0,1,0,0,0,0,0,0,0,0,1,1,0
39125217,Trimester 2,0,1,1,0,0,0,0,0,0,0,1,1,0
39125573,Trimester 2,0,1,1,0,0,0,0,0,0,0,1,1,0
39125958,Trimester 2,1,0,1,1,0,0,0,0,0,0,1,1,0
39126371,Trimester 2,0,1,1,0,0,0,0,0,0,0,1,1,0
39127621,Trimester 2,1,0,1,1,0,0,0,0,0,0,1,1,0
39127782,Trimester 2,0,1,1,0,0,0,0,0,0,0,1,1,0
39127842,Trimester 2,1,0,1,0,0,0,1,0,0,0,1,1,0
39128361,Trimester 2,0,1,1,0,0,0,0,1,0,0,1,1,0
39131992,Trimester 2,1,0,0,1,0,0,0,0,0,0,1,1,0
39135356,Trimester 2,0,1,1,0,1,0,0,0,0,0,1,1,0
39138930,Trimester 2,1,0,1,1,0,0,0,0,0,0,1,1,0
39143712,Trimester 2,1,0,1,1,0,0,0,0,0,0,1,1,0
39143815,Trimester 2,0,1,0,0,0,0,0,0,0,0,1,1,0
39150118,Trimester 2,0,1,0,0,0,0,0,1,0,0,0,1,0
39151561,Trimester 2,1,0,1,0,0,0,0,0,0,0,1,1,0
39151605,Trimester 2,0,1,1,0,0,0,1,0,0,0,0,1,0
39151657,Trimester 2,0,1,0,0,0,0,0,0,0,0,1,1,0
39152392,Trimester 2,0,1,1,0,0,0,1,0,0,0,1,1,0
39152628,Trimester 2,0,1,0,0,0,0,0,0,0,1,0,1,0
39152836,Trimester 2,0,1,1,0,0,0,0,0,0,0,1,1,0
39153007,Trimester 2,0,1,1,0,0,0,1,0,0,0,1,1,0
39156246,Trimester 2,0,1,1,0,0,0,0,0,0,0,1,1,0
39160321,Trimester 2,1,0,0,1,0,0,0,0,0,0,1,1,0
39162225,Trimester 2,0,1,0,0,0,0,1,0,0,1,1,1,0
39166072,Trimester 2,0,1,0,0,0,0,0,0,1,0,0,1,0
39167768,Trimester 2,0,1,0,0,1,0,0,0,0,0,1,1,0
39169372,Trimester 2,1,0,1,0,0,0,0,0,0,0,1,1,0
39169875,Trimester 2,0,1,0,0,0,0,0,0,0,0,1,1,0
39170570,Trimester 2,0,1,1,0,0,0,0,0,0,0,0,1,0
39170649,Trimester 2,1,0,1,0,0,0,0,0,0,0,1,1,0
39170977,Trimester 2,1,0,1,0,0,1,0,0,0,1,1,1,0
39171760,Trimester 2,1,1,1,0,0,0,0,0,0,0,1,1,0
39175541,Trimester 2,0,1,1,0,0,0,0,0,0,0,1,1,0
39176807,Trimester 2,1,0,1,1,0,0,0,0,0,0,1,1,0
39177601,Trimester 2,0,1,1,0,0,0,0,0,0,0,1,1,0
39180570,Trimester 2,0,1,1,0,0,0,0,0,0,1,1,1,0
39184225,Trimester 2,0,1,1,0,0,0,0,0,0,0,1,1,0
39184425,Trimester 2,0,1,0,0,0,0,0,0,0,0,1,1,0
39185744,Trimester 2,0,1,1,0,0,0,0,0,0,0,1,1,0
39186928,Trimester 2,1,0,1,0,0,0,0,0,1,0,1,1,0
39187522,Trimester 2,1,0,0,1,0,0,0,0,0,1,1,1,0
39188529,Trimester 2,0,1,1,0,0,0,0,0,0,0,1,1,0
39189251,Trimester 2,1,0,0,0,1,0,0,0,0,0,1,1,0
39189351,Trimester 2,1,0,1,0,1,0,0,0,0,0,1,1,0
39193306,Trimester 2,1,0,0,1,0,0,0,0,0,0,1,1,0
39198283,Trimester 2,0,1,0,0,0,0,0,1,0,0,1,1,0
39199431,Trimester 2,1,0,1,0,0,0,1,0,0,0,1,1,0
39200456,Trimester 2,0,1,1,0,0,0,0,1,0,0,1,1,0
39200490,Trimester 2,1,0,0,1,0,0,0,0,0,0,1,1,0
39200682,Trimester 2,0,1,1,0,0,0,0,0,0,0,1,1,0
39200889,Trimester 2,1,0,1,0,0,0,0,0,0,0,1,1,0
39201589,Trimester 2,1,0,1,0,1,0,0,0,0,0,1,1,0
39201731,Trimester 2,0,1,1,0,0,0,0,0,1,0,1,1,0
39202116,Trimester 2,0,1,1,0,0,1,0,0,0,0,1,1,0
39202274,Trimester 2,1,0,1,0,0,0,1,0,0,0,1,1,0
39202628,Trimester 2,1,0,1,0,0,0,0,0,0,0,1,1,0
39202791,Trimester 2,1,0,0,1,0,0,0,0,0,0,0,1,0
39202901,Trimester 2,0,1,0,0,0,0,0,0,0,0,1,1,0
39202986,Trimester 2,1,0,0,1,1,0,0,0,0,0,1,1,0
39204631,Trimester 2,1,0,1,0,0,1,0,0,0,0,1,1,0
39207029,Trimester 2,1,0,1,0,0,1,0,0,0,0,1,1,0
39207589,Trimester 2,0,1,1,0,0,0,0,0,0,0,1,1,0
39210116,Trimester 2,1,0,1,0,0,0,1,1,0,0,1,1,0
39210878,Trimester 2,1,0,0,1,0,0,1,0,0,0,1,1,0
39210933,Trimester 2,0,1,0,0,0,0,0,0,1,0,0,1,0
39211666,Trimester 2,0,1,0,0,0,1,0,0,0,0,0,1,0
39216209,Trimester 2,0,1,0,0,1,0,0,0,0,0,1,1,0
39218045,Trimester 2,0,1,0,0,0,0,0,0,0,0,1,1,0
39218706,Trimester 2,0,1,0,0,0,0,0,1,0,0,1,1,0
39227121,Trimester 2,0,1,1,0,0,0,0,0,0,0,1,1,0
39227611,Trimester 2,0,1,1,0,0,0,0,1,0,0,1,1,0
39230589,Trimester 2,0,2,1,0,0,0,0,0,0,0,1,1,0
39234563,Trimester 2,1,0,0,1,0,0,0,0,0,1,1,1,0
39235468,Trimester 2,1,0,1,0,0,0,0,0,1,0,1,1,0
39238002,Trimester 2,1,0,0,1,0,0,0,0,0,0,1,1,0
39241985,Trimester 2,0,1,1,0,0,0,0,0,0,0,1,1,0
39244323,Trimester 2,1,0,1,0,0,0,0,0,0,0,1,1,0
39248783,Trimester 2,1,0,1,0,0,0,0,0,0,0,1,1,0
39249260,Trimester 2,0,1,1,0,0,0,0,0,0,0,1,1,0
39319722,Trimester 2,0,1,0,0,0,0,0,0,0,1,1,1,0
39365372,Trimester 2,1,0,0,1,0,0,0,0,0,0,1,1,0
39427979,Trimester 2,0,1,1,0,0,0,1,1,0,0,1,1,0
39898230,Trimester 2,0,1,0,0,0,0,0,0,1,0,1,1,0
39898708,Trimester 2,1,0,1,0,0,0,0,1,0,0,1,1,0
39898720,Trimester 2,1,0,1,0,1,0,0,0,0,0,1,1,0
39898813,Trimester 2,0,1,0,0,0,0,0,0,0,0,1,1,0
39898818,Trimester 2,0,1,0,0,0,0,0,0,0,0,1,1,0
39898826,Trimester 2,0,1,0,0,0,0,0,1,0,0,1,1,0
39898830,Trimester 2,0,1,0,0,0,0,1,0,0,0,1,1,0
39898843,Trimester 2,1,0,1,0,0,0,0,0,1,1,1,1,0
39898857,Trimester 2,1,0,1,0,1,0,0,0,0,0,1,1,0
39898873,Trimester 2,0,1,1,1,0,0,0,0,0,0,0,1,0
39898883,Trimester 2,0,1,1,0,0,0,0,0,0,1,1,1,0
39898927,Trimester 2,0,1,0,0,0,0,0,0,0,0,1,1,0
39898936,Trimester 2,1,0,1,1,0,0,0,0,0,0,1,1,0
39898939,Trimester 2,0,1,0,0,0,0,1,0,0,0,1,1,0
39898951,Trimester 2,0,1,1,0,0,0,0,0,0,0,1,1,0
39898978,Trimester 2,1,0,0,1,0,0,1,0,0,0,0,1,0
39898993,Trimester 2,0,1,0,0,0,0,0,0,0,0,0,1,0
39898995,Trimester 2,0,2,1,0,0,0,0,0,0,0,1,1,0
39899004,Trimester 2,0,1,0,0,0,0,0,1,0,0,1,1,0
39899007,Trimester 2,0,1,0,0,0,0,1,0,0,0,1,1,0
39899009,Trimester 2,0,1,1,0,0,0,0,0,0,0,1,1,0
39899039,Trimester 2,1,0,1,0,0,1,0,0,0,0,0,1,0
39899050,Trimester 2,0,1,0,0,0,0,0,0,0,0,0,1,0
39899072,Trimester 2,0,1,1,0,0,0,0,1,0,0,1,1,0
39899076,Trimester 2,1,0,1,0,0,0,0,1,0,0,1,1,0
39899090,Trimester 2,1,0,1,0,0,0,0,1,0,0,1,1,0
39899096,Trimester 2,1,0,0,1,1,0,0,0,0,0,1,1,0
39899104,Trimester 2,0,1,1,0,1,0,0,0,0,0,1,1,0
39899108,Trimester 2,1,0,0,1,0,0,1,1,0,0,1,1,0
39899124,Trimester 2,0,1,0,0,1,0,0,0,0,0,1,1,0
39899131,Trimester 2,0,2,0,0,0,0,0,0,0,0,1,1,0
39899132,Trimester 2,1,0,1,0,0,0,0,0,0,0,1,1,0
39899137,Trimester 2,1,0,1,0,0,0,0,1,0,0,1,1,0
39899143,Trimester 2,0,1,1,0,0,0,1,1,0,0,1,1,0
39899156,Trimester 2,0,1,0,0,0,0,0,0,0,0,1,1,0
39899184,Trimester 2,0,1,1,0,1,0,0,0,0,0,1,1,0
39899223,Trimester 2,0,1,0,0,0,0,0,1,0,0,1,1,0
39899238,Trimester 2,1,0,1,0,0,0,0,0,0,0,1,1,0
39899239,Trimester 2,0,1,1,0,0,0,1,0,0,0,1,1,0
39899247,Trimester 2,1,0,0,1,0,0,1,0,0,0,1,1,0
39899285,Trimester 2,0,2,1,0,0,0,0,0,0,2,1,1,0
39899338,Trimester 2,0,1,1,0,0,0,1,0,0,1,1,1,0
39899362,Trimester 2,1,0,0,1,0,0,0,0,0,0,1,1,0
39899410,Trimester 2,1,0,1,0,0,0,0,0,0,0,1,1,0
39899425,Trimester 2,0,1,1,0,1,0,0,0,0,0,1,1,0
39899430,Trimester 2,0,1,1,0,0,0,0,0,0,0,1,1,0
39899457,Trimester 2,0,2,0,0,0,0,0,0,0,0,0,1,0
39899486,Trimester 2,0,1,0,0,0,0,0,0,0,0,1,1,0
39899504,Trimester 2,0,1,0,0,0,0,0,0,0,0,1,1,0
39899543,Trimester 2,1,0,1,0,0,0,0,0,1,0,1,1,0
39899553,Trimester 2,0,2,1,0,0,0,0,0,0,0,1,1,0
39899555,Trimester 2,0,1,1,0,1,0,0,0,0,0,1,1,0
39899601,Trimester 2,1,0,1,0,0,0,1,0,0,0,1,1,0
39899663,Trimester 2,1,0,1,0,0,0,0,0,0,0,1,1,0
39899717,Trimester 2,0,1,0,0,0,0,0,0,0,0,1,1,0
39899741,Trimester 2,0,1,1,0,0,0,0,1,0,0,1,1,0
39899750,Trimester 2,1,0,0,1,1,0,0,0,1,0,1,1,0
39899785,Trimester 2,0,1,1,0,0,0,0,0,0,0,1,1,0
39899791,Trimester 2,0,1,1,0,0,0,0,0,0,0,1,1,0
39899841,Trimester 2,1,0,1,1,0,0,0,0,0,0,1,1,0
39899877,Trimester 2,1,0,1,0,1,0,0,0,0,0,1,1,0
39899890,Trimester 2,0,1,1,0,0,0,0,0,0,0,1,1,0
39899897,Trimester 2,0,1,1,0,0,0,0,0,0,0,1,1,0
39899908,Trimester 2,0,1,0,0,0,0,0,0,0,0,1,1,0
39899924,Trimester 2,0,2,0,0,0,0,0,0,0,0,1,1,0
39899928,Trimester 2,1,0,0,0,0,0,0,0,1,0,1,1,0
39899991,Trimester 2,0,1,1,0,0,0,0,0,0,0,1,1,0
39900002,Trimester 2,0,1,0,0,0,0,0,1,0,0,1,1,0
39900048,Trimester 2,0,2,1,0,0,0,0,0,0,0,1,1,0
39900055,Trimester 2,0,1,0,0,0,0,0,0,0,0,1,1,0
39900066,Trimester 2,0,1,1,0,0,0,0,0,0,0,1,1,0
39900088,Trimester 2,1,0,0,1,0,0,0,0,1,0,1,1,0
39900089,Trimester 2,0,1,1,0,0,0,0,1,0,1,1,1,0
39900112,Trimester 2,0,1,0,1,1,0,0,0,0,0,1,1,0
39900135,Trimester 2,0,1,1,0,0,0,0,1,0,0,1,1,0
39900187,Trimester 2,0,1,1,0,1,0,0,0,0,1,1,1,0
39900193,Trimester 2,0,1,1,0,0,0,0,0,0,0,0,1,0
39900361,Trimester 2,1,0,1,0,0,0,1,0,0,0,1,1,0
39900400,Trimester 2,0,1,1,0,0,0,0,0,0,0,1,1,0
39900411,Trimester 2,1,0,1,0,0,0,0,0,0,1,1,1,0
39900451,Trimester 2,1,0,1,1,0,0,0,0,0,0,0,1,0
39900457,Trimester 2,1,0,1,0,0,0,0,0,0,0,1,1,0
39900494,Trimester 2,1,0,1,0,0,0,0,0,0,0,1,1,0
39900501,Trimester 2,0,1,1,0,0,0,0,0,0,0,1,1,0
39900503,Trimester 2,1,0,0,1,0,0,0,0,0,0,1,1,0
39900529,Trimester 2,0,1,0,0,0,0,0,0,0,0,1,1,0
39900610,Trimester 2,0,1,1,0,0,0,0,1,0,0,1,1,0
39900682,Trimester 2,0,1,1,0,1,0,0,0,1,0,1,1,0
39900931,Trimester 2,0,1,0,0,0,0,0,0,0,0,1,1,0
39900935,Trimester 2,0,1,0,0,0,0,0,0,0,0,0,1,0
39900997,Trimester 2,1,0,0,1,1,0,0,0,0,0,1,1,0
39901023,Trimester 2,0,1,1,0,0,0,0,0,0,0,1,1,0
39901223,Trimester 2,0,1,0,0,0,0,0,0,0,0,1,1,0
39901348,Trimester 2,0,1,1,0,0,1,0,0,0,0,1,1,0
39901772,Trimester 2,1,0,1,0,0,0,1,0,0,0,1,1,0
39902030,Trimester 2,0,1,1,0,0,0,0,1,0,0,1,1,0
39902100,Trimester 2,1,0,1,0,0,0,0,0,0,0,1,1,0
39902292,Trimester 2,0,1,1,0,0,0,0,1,0,0,1,1,0
39902398,Trimester 2,1,0,1,0,0,0,1,0,0,0,1,1,0
39902513,Trimester 2,0,1,1,0,0,0,0,0,0,0,1,1,0
39902620,Trimester 2,0,1,1,0,0,0,0,0,0,0,1,1,0
39902823,Trimester 2,1,0,1,0,0,0,0,0,0,0,1,1,0
39903016,Trimester 2,0,1,0,0,0,0,0,1,1,0,0,1,0
39903175,Trimester 2,1,0,0,1,0,0,0,0,0,0,1,1,0
39903198,Trimester 2,1,0,1,0,0,0,0,0,0,0,1,1,0
39903258,Trimester 2,1,0,1,0,1,0,0,0,0,0,1,1,0
39903273,Trimester 2,0,1,1,0,0,0,0,1,0,0,1,1,0
39903275,Trimester 2,0,1,0,0,0,0,0,1,0,0,1,1,0
39903371,Trimester 2,1,0,0,1,0,0,1,0,0,0,1,1,0
39903390,Trimester 2,1,0,1,1,0,0,0,0,0,0,1,1,0
39903447,Trimester 2,0,1,1,0,0,0,0,0,0,0,1,1,0
39903460,Trimester 2,1,0,0,1,0,0,1,0,0,0,1,1,0
39903469,Trimester 2,1,0,1,0,0,0,1,0,0,0,1,1,0
39903471,Trimester 2,0,1,1,0,0,0,1,0,0,0,1,1,0
39903481,Trimester 2,0,1,1,0,0,0,0,0,0,0,1,1,0
39903485,Trimester 2,1,0,1,1,0,0,0,0,0,1,1,1,0
39903589,Trimester 2,0,1,0,0,0,0,0,0,0,0,1,1,0
39903634,Trimester 2,1,0,0,1,0,0,0,0,0,0,1,1,0
39903769,Trimester 2,0,1,0,0,0,0,0,0,0,0,1,1,0
39903841,Trimester 2,0,1,1,0,0,0,0,0,0,0,0,1,0
39903911,Trimester 2,1,0,1,0,0,0,1,0,0,0,1,1,0
39904691,Trimester 2,0,1,1,0,0,0,0,0,0,1,1,1,0
39904766,Trimester 2,1,0,1,0,0,0,0,0,0,0,1,1,0
39904925,Trimester 2,1,0,1,0,0,0,0,0,0,1,1,1,0
39905659,Trimester 2,1,0,1,0,1,0,0,0,0,0,0,1,0
39906183,Trimester 2,1,0,1,0,1,0,0,0,0,0,1,1,0
39906307,Trimester 2,0,1,0,1,0,0,0,1,0,0,1,1,0
39906360,Trimester 2,0,1,1,0,0,0,0,0,0,0,1,1,0
39906437,Trimester 2,0,1,1,0,0,0,1,0,0,0,1,1,0
39906537,Trimester 2,1,0,1,0,0,0,0,0,0,1,1,1,0
39906553,Trimester 2,0,1,0,0,0,0,0,0,0,0,1,1,0
39906800,Trimester 2,0,1,1,0,0,0,0,0,0,0,1,1,0
39906818,Trimester 2,0,1,0,0,0,0,0,0,0,0,1,1,0
39908647,Trimester 2,1,0,1,0,0,0,0,0,0,0,1,1,0
39909042,Trimester 2,0,1,0,0,0,0,0,0,0,1,1,1,0
39909475,Trimester 2,0,1,0,0,0,0,0,0,0,0,1,1,0
39909653,Trimester 2,0,1,1,0,0,0,0,0,0,0,1,1,0
39909752,Trimester 2,0,1,1,0,0,0,0,0,0,0,1,1,0
39909802,Trimester 2,0,1,0,0,0,0,0,0,1,0,0,1,0
39910248,Trimester 2,1,0,1,0,0,0,1,0,0,0,1,1,0
39911237,Trimester 2,0,1,1,0,1,0,0,0,0,0,1,1,0
39911385,Trimester 2,0,1,0,0,0,0,0,1,0,0,1,1,0
39911514,Trimester 2,0,1,0,0,0,0,0,1,0,0,1,1,0
39911553,Trimester 2,1,1,1,0,0,0,0,0,1,0,1,1,0
39912039,Trimester 2,1,0,0,1,0,0,0,0,0,0,1,1,0
39912354,Trimester 2,0,1,0,0,0,0,0,0,0,0,1,1,0
39912594,Trimester 2,1,0,1,0,0,0,0,0,0,0,1,1,0
39913309,Trimester 2,1,0,1,0,0,0,0,0,0,0,1,1,0
39913408,Trimester 2,0,1,0,0,0,0,0,0,1,0,1,1,0
39913421,Trimester 2,0,1,0,0,0,0,0,0,0,0,1,1,0
39913518,Trimester 2,0,1,1,0,1,0,0,0,0,0,0,1,0
39913604,Trimester 2,1,0,0,1,0,0,1,0,0,0,1,1,0
39913675,Trimester 2,0,1,0,0,0,0,0,0,0,0,1,1,0
39914135,Trimester 2,0,1,1,0,0,0,0,0,0,0,1,1,0
39914180,Trimester 2,0,1,0,0,0,0,1,1,0,0,1,1,0
39914755,Trimester 2,1,0,1,0,0,0,0,0,0,0,1,1,0
39914913,Trimester 2,1,0,0,1,0,1,0,0,0,0,1,1,0
39915048,Trimester 2,1,0,0,1,1,0,0,0,0,0,1,1,0
39915073,Trimester 2,0,1,1,0,0,0,0,0,0,0,1,1,0
39915254,Trimester 2,0,1,0,0,0,0,1,0,0,0,1,1,0
39915321,Trimester 2,0,1,0,0,0,0,0,0,0,0,1,1,0
39915721,Trimester 2,0,1,0,0,0,0,0,0,0,0,1,1,0
39915727,Trimester 2,0,1,0,0,0,0,0,0,1,0,1,1,0
39916191,Trimester 2,0,1,0,0,1,0,0,0,0,0,1,1,0
39916292,Trimester 2,0,1,0,0,0,0,0,0,1,0,1,1,0
39916561,Trimester 2,1,0,1,0,1,0,0,0,0,0,1,1,0
39917066,Trimester 2,1,0,0,1,1,0,0,0,0,0,1,1,0
39917191,Trimester 2,0,1,0,0,0,0,1,0,0,0,1,1,0
39919245,Trimester 2,0,1,1,0,0,0,0,0,0,0,1,1,0
39919332,Trimester 2,0,1,1,0,0,0,0,0,0,0,1,1,0
39919458,Trimester 2,0,1,1,0,1,0,0,0,0,0,1,1,0
39919531,Trimester 2,0,1,0,1,1,0,0,0,0,0,1,1,0
39920684,Trimester 2,0,1,0,0,0,0,1,0,0,0,1,1,0
39921224,Trimester 2,0,1,0,1,1,0,0,0,0,0,1,1,0
39922517,Trimester 2,0,1,1,0,0,1,0,0,0,0,1,1,0
39922535,Trimester 2,0,1,1,0,0,0,0,0,0,0,0,1,0
39922642,Trimester 2,0,1,0,0,0,0,0,0,0,0,1,1,0
39923061,Trimester 2,0,1,1,0,0,0,0,0,1,0,1,1,0
39924036,Trimester 2,0,1,1,0,1,0,0,0,0,0,1,1,0
39928644,Trimester 2,1,0,1,0,0,0,0,0,0,0,1,1,0
39930798,Trimester 2,0,1,0,0,0,0,0,0,0,0,1,1,0
39931660,Trimester 2,1,0,1,1,0,0,0,0,0,0,1,1,0
39932758,Trimester 2,0,1,0,0,0,0,0,0,0,0,1,1,0
39933588,Trimester 2,0,1,1,0,1,0,0,0,0,0,1,1,0
39933756,Trimester 2,0,1,0,0,0,0,0,0,1,0,1,1,0
39933763,Trimester 2,0,1,1,0,0,0,0,1,1,0,0,1,0
39934004,Trimester 2,0,1,1,0,0,0,0,0,0,1,1,1,0
39934040,Trimester 2,1,0,1,0,0,0,0,0,0,0,1,1,0
39934225,Trimester 2,0,1,1,0,1,0,0,0,0,0,1,1,0
39936212,Trimester 2,0,1,1,0,0,0,0,0,0,0,1,1,0
39936879,Trimester 2,0,1,0,0,0,0,0,0,0,0,1,1,0
39937001,Trimester 2,0,1,0,0,0,0,0,0,0,0,1,1,0
39937044,Trimester 2,0,1,1,0,0,0,0,1,0,0,1,1,0
39937460,Trimester 2,1,0,1,0,0,0,0,0,0,0,1,1,0
39937890,Trimester 2,1,0,1,0,1,0,0,0,0,0,1,1,0
39938055,Trimester 2,0,1,1,0,0,0,1,0,0,0,1,1,0
39938760,Trimester 2,0,1,1,0,0,0,0,0,0,0,0,1,0
39938874,Trimester 2,1,0,0,1,0,0,0,0,0,1,1,1,0
39938876,Trimester 2,0,1,0,0,0,0,1,0,0,0,1,1,0
39938898,Trimester 2,0,1,1,0,0,0,0,0,0,0,1,1,0
39944426,Trimester 2,1,0,1,0,0,1,0,0,0,0,1,1,0
39944619,Trimester 2,0,1,1,0,0,0,0,1,0,0,1,1,0
39945131,Trimester 2,1,0,1,0,0,0,0,0,0,0,1,1,0
39945162,Trimester 2,1,0,0,1,0,0,0,0,0,0,1,1,0
39945962,Trimester 2,1,0,1,0,0,1,0,0,0,0,1,1,0
39946396,Trimester 2,0,1,0,0,0,0,0,1,0,0,1,1,0
39950594,Trimester 2,0,1,1,0,0,0,0,0,0,0,1,1,0
39950605,Trimester 2,1,0,0,1,1,0,0,0,0,0,1,1,0
39950980,Trimester 2,0,1,0,0,0,0,0,0,0,0,1,1,0
39951282,Trimester 2,0,1,0,0,0,0,0,0,0,0,1,1,0
39951874,Trimester 2,1,0,1,0,0,0,0,0,0,0,1,1,0
39952922,Trimester 2,0,1,0,0,1,0,0,0,0,0,1,1,0
39953401,Trimester 2,1,0,1,0,0,0,0,0,0,0,1,1,0
39953458,Trimester 2,0,1,1,0,0,0,0,0,0,0,1,1,0
39953462,Trimester 2,0,1,1,0,1,0,0,0,0,0,1,1,0
39953759,Trimester 2,0,1,1,0,0,0,1,0,0,0,1,1,0
39954230,Trimester 2,0,1,0,0,1,0,0,1,0,0,1,1,0
39954412,Trimester 2,1,0,1,0,0,0,0,0,0,0,1,1,0
39955546,Trimester 2,0,1,0,0,0,0,0,0,0,1,1,1,0
39958952,Trimester 2,0,1,1,0,0,0,0,0,0,2,0,1,0
39959498,Trimester 2,1,0,1,1,0,0,0,0,0,0,1,1,0
39961128,Trimester 2,1,0,1,0,1,0,0,0,0,0,1,1,0
39961574,Trimester 2,1,0,0,1,0,0,0,0,0,0,1,1,0
39973132,Trimester 2,0,1,1,0,0,0,0,0,0,0,1,1,0
39981622,Trimester 2,1,0,1,0,1,0,0,0,0,0,1,1,0
39982408,Trimester 2,1,0,1,0,0,0,0,0,0,0,1,1,0
39988997,Trimester 2,1,0,1,0,0,0,0,0,1,0,0,1,0
39990970,Trimester 2,0,1,0,0,0,0,1,0,0,0,1,1,0
39991630,Trimester 2,0,1,1,0,0,0,0,0,0,0,1,1,0
39997533,Trimester 2,1,0,1,0,0,0,1,0,0,0,1,1,0
39998992,Trimester 2,1,0,0,1,0,0,0,0,0,1,1,1,0
38125885,Trimester 3,1,0,0,0,0,0,0,0,1,2,1,0,1
38126131,Trimester 3,0,1,0,1,0,0,1,0,0,3,1,0,0
38126476,Trimester 3,1,2,0,0,0,0,0,1,0,0,0,0,1
38126487,Trimester 3,1,0,0,0,0,0,1,1,0,0,1,0,1
38126499,Trimester 3,1,1,0,0,0,0,0,1,0,1,1,0,1
38126500,Trimester 3,0,0,0,0,0,0,1,0,0,0,1,0,1
38126514,Trimester 3,1,0,0,0,0,0,2,1,0,0,0,0,1
38126522,Trimester 3,1,0,0,0,0,1,0,0,1,0,1,0,1
38126537,Trimester 3,0,1,0,0,0,2,1,0,0,0,0,0,0
38126581,Trimester 3,0,1,0,0,0,0,0,1,0,0,0,0,1
38126584,Trimester 3,0,0,0,0,0,0,0,0,0,3,1,0,0
38126588,Trimester 3,0,1,0,0,0,0,0,0,0,0,0,0,1
38126602,Trimester 3,1,1,0,0,0,0,0,1,0,0,1,0,1
38126603,Trimester 3,1,0,0,1,0,0,0,0,0,0,1,0,2
38126658,Trimester 3,0,1,0,0,0,0,0,0,0,2,1,0,1
38126662,Trimester 3,1,0,0,0,0,0,0,0,0,2,0,0,1
38126693,Trimester 3,1,0,0,0,0,1,0,0,1,1,0,0,1
38126723,Trimester 3,1,0,0,0,0,0,0,1,0,0,1,0,2
38126730,Trimester 3,0,0,0,0,0,1,0,0,0,1,1,0,1
38126785,Trimester 3,1,0,0,0,0,0,0,0,0,0,0,0,1
38126786,Trimester 3,1,0,0,1,0,0,1,0,0,1,1,0,0
38126789,Trimester 3,0,0,0,0,0,0,0,0,0,4,1,0,0
38126798,Trimester 3,0,1,0,0,0,0,1,1,0,0,1,0,1
38126801,Trimester 3,0,1,0,0,0,0,0,0,0,2,1,0,1
38126827,Trimester 3,1,0,0,0,1,1,0,0,0,1,0,0,1
38126846,Trimester 3,0,0,0,0,0,0,0,0,2,2,1,0,0
38126848,Trimester 3,1,0,0,0,0,0,1,0,0,0,1,0,2
38126849,Trimester 3,0,1,0,0,0,3,0,0,0,0,0,0,1
38126851,Trimester 3,1,0,0,0,0,0,0,2,1,0,1,0,0
38126877,Trimester 3,0,0,0,1,0,1,0,0,1,0,1,0,1
38126927,Trimester 3,1,1,0,0,0,0,1,0,1,0,0,0,0
38126928,Trimester 3,1,0,0,0,0,1,1,0,0,0,1,0,0
38126945,Trimester 3,0,1,0,0,0,0,1,1,0,0,0,0,0
38126988,Trimester 3,0,0,0,0,0,0,1,0,0,1,1,0,1
38126994,Trimester 3,0,0,0,0,0,1,1,0,0,2,0,0,1
38127061,Trimester 3,1,1,0,0,1,1,0,0,0,0,1,0,0
38127100,Trimester 3,1,0,0,0,0,0,2,0,1,0,1,0,0
38127116,Trimester 3,1,0,0,0,0,0,0,0,0,1,0,0,1
38127125,Trimester 3,0,0,0,0,0,1,0,0,0,1,1,0,1
38127162,Trimester 3,0,2,0,0,0,1,0,0,0,0,1,0,1
38127221,Trimester 3,0,2,0,0,0,0,1,0,0,0,0,0,1
38127258,Trimester 3,1,0,0,0,0,3,0,0,0,0,0,0,0
38127281,Trimester 3,0,1,0,0,0,0,1,1,1,0,0,0,0
38127291,Trimester 3,0,1,0,0,1,0,1,0,0,0,0,0,1
38127293,Trimester 3,0,0,0,0,0,2,0,1,0,0,0,0,0
38127303,Trimester 3,1,0,0,1,1,1,0,0,0,0,0,0,0
38127324,Trimester 3,0,0,0,1,0,1,0,0,1,0,1,0,1
38127329,Trimester 3,1,0,0,1,0,0,0,0,1,0,0,0,1
38127352,Trimester 3,0,1,0,1,0,0,0,0,0,1,1,0,1
38127366,Trimester 3,0,2,0,0,0,1,0,1,0,0,1,0,0
38127370,Trimester 3,1,0,0,0,0,0,0,0,0,0,1,0,2
38127372,Trimester 3,0,1,0,0,0,1,0,0,1,0,1,0,1
38127385,Trimester 3,0,1,0,0,0,0,0,0,1,0,1,0,1
38127399,Trimester 3,0,0,0,0,0,1,1,1,0,3,0,0,0
38127429,Trimester 3,0,1,0,0,0,0,0,0,1,1,0,0,1
38127504,Trimester 3,0,0,0,0,0,0,0,1,1,1,0,0,1
38127540,Trimester 3,0,1,0,0,1,0,0,0,0,1,1,0,0
38127552,Trimester 3,1,0,0,0,0,0,0,0,0,2,0,0,1
38127579,Trimester 3,0,2,0,0,0,0,0,1,0,0,0,0,2
38127643,Trimester 3,0,2,0,0,0,0,0,1,0,0,0,0,1
38127655,Trimester 3,1,1,0,0,0,0,1,0,0,0,1,0,0
38127664,Trimester 3,0,1,0,0,0,1,1,0,0,0,1,0,0
38127687,Trimester 3,1,0,0,0,0,0,0,0,2,0,1,0,1
38127711,Trimester 3,1,0,0,0,0,1,0,0,0,0,0,0,1
38127742,Trimester 3,1,1,0,0,0,0,0,0,0,1,0,0,0
38127744,Trimester 3,0,1,0,0,0,1,0,1,0,0,0,0,2
38127762,Trimester 3,1,2,0,0,0,0,0,0,0,3,0,0,0
38127778,Trimester 3,0,2,0,0,0,0,0,1,0,1,0,0,1
38127783,Trimester 3,1,0,0,0,0,1,1,0,0,0,1,0,1
38127793,Trimester 3,0,0,0,0,0,2,0,0,0,0,1,0,0
38127801,Trimester 3,1,0,0,0,0,1,0,0,0,0,1,0,1
38128080,Trimester 3,0,2,0,0,0,0,0,0,0,0,0,0,1
38128084,Trimester 3,1,0,0,0,0,0,0,2,0,0,0,0,1
38128131,Trimester 3,0,1,0,0,0,0,0,0,0,1,1,0,1
38128139,Trimester 3,1,0,0,0,0,0,1,1,0,2,0,0,1
38128151,Trimester 3,0,0,0,0,0,0,0,1,2,0,0,0,1
38128154,Trimester 3,0,2,0,0,0,0,0,0,1,1,0,0,1
38128178,Trimester 3,1,0,0,0,0,0,0,0,2,2,0,0,0
38128212,Trimester 3,1,0,0,0,0,0,1,0,0,0,0,0,1
38128222,Trimester 3,0,1,0,0,0,1,0,0,1,0,0,0,1
38128263,Trimester 3,0,1,0,0,0,0,1,0,0,0,1,0,1
38128330,Trimester 3,1,0,0,1,0,0,0,0,0,1,0,0,1
38128388,Trimester 3,1,0,0,0,1,0,0,0,0,1,1,0,1
38128430,Trimester 3,0,1,0,0,0,1,0,0,0,1,1,0,1
38128440,Trimester 3,0,1,0,0,0,0,0,1,0,0,0,0,1
38128444,Trimester 3,0,1,0,0,0,1,0,0,1,0,0,0,1
38128448,Trimester 3,0,1,0,0,0,1,0,0,0,0,0,0,1
38128488,Trimester 3,0,1,0,0,0,0,1,0,1,0,0,0,1
38128508,Trimester 3,0,1,0,0,0,1,0,0,1,2,0,0,1
38128529,Trimester 3,1,0,0,0,0,1,0,0,0,0,1,0,0
38128546,Trimester 3,0,0,0,0,0,2,1,0,0,0,0,0,1
38128558,Trimester 3,1,0,0,0,0,0,2,0,0,1,0,0,1
38128739,Trimester 3,1,0,0,0,0,1,0,0,0,1,0,0,1
38128795,Trimester 3,1,0,0,0,0,0,2,0,2,0,0,0,0
38128831,Trimester 3,1,0,0,0,0,0,0,0,0,0,0,0,2
38128860,Trimester 3,0,2,0,0,0,0,0,1,1,0,0,0,1
38128870,Trimester 3,1,0,0,0,0,0,0,0,0,0,0,0,1
38128881,Trimester 3,1,0,0,0,0,1,0,0,0,1,0,0,1
38128895,Trimester 3,1,1,0,0,0,1,0,1,0,0,1,0,0
38128958,Trimester 3,0,1,0,0,0,0,0,1,0,0,0,0,0
38128976,Trimester 3,1,0,0,0,0,1,0,1,0,0,0,0,1
38129002,Trimester 3,1,0,0,0,0,0,0,1,0,2,0,0,1
38129048,Trimester 3,1,0,0,0,0,2,0,0,0,1,0,0,1
38129093,Trimester 3,1,0,0,1,0,0,0,0,0,0,1,0,1
38129139,Trimester 3,1,0,0,0,0,0,0,0,0,4,0,0,0
38129143,Trimester 3,1,0,0,0,0,0,0,0,0,0,1,0,2
38129144,Trimester 3,1,0,0,0,0,1,0,0,0,0,1,0,2
38129161,Trimester 3,0,0,0,0,0,0,0,0,1,2,1,0,1
38129422,Trimester 3,1,0,0,0,0,0,0,0,0,1,0,0,1
38129512,Trimester 3,1,0,0,1,0,1,0,0,0,0,1,0,1
38129520,Trimester 3,1,0,0,0,0,0,0,1,0,1,1,0,1
38129677,Trimester 3,1,0,0,0,0,0,1,0,0,0,1,0,1
38129686,Trimester 3,1,0,0,0,0,0,0,1,0,0,1,0,1
38130103,Trimester 3,1,0,0,0,1,0,0,0,1,0,1,0,1
38130254,Trimester 3,0,3,0,0,0,0,0,0,1,0,0,0,0
38130423,Trimester 3,1,0,0,0,0,0,0,1,0,1,0,0,1
38130866,Trimester 3,1,0,0,1,0,0,1,0,0,0,1,0,0
38130941,Trimester 3,1,0,0,0,0,1,0,0,0,1,0,0,1
38131262,Trimester 3,1,1,0,0,0,0,0,0,1,1,0,0,0
38131281,Trimester 3,0,1,0,0,0,1,0,0,0,1,0,0,1
38131561,Trimester 3,0,1,0,1,0,0,1,0,0,1,0,0,1
38131735,Trimester 3,0,1,0,0,0,0,0,1,0,0,0,0,1
38131801,Trimester 3,1,0,0,0,0,0,1,0,0,1,0,0,1
38131943,Trimester 3,0,1,0,0,0,0,0,0,0,3,1,0,1
38132052,Trimester 3,1,1,0,0,0,1,0,1,0,0,0,0,1
38134101,Trimester 3,1,0,0,0,0,0,0,1,1,0,1,0,1
38134318,Trimester 3,0,1,0,0,0,0,1,0,0,1,1,0,1
38134451,Trimester 3,1,0,0,0,0,0,0,0,0,2,0,0,0
38134519,Trimester 3,0,0,0,0,0,0,0,0,0,0,1,0,1
38134610,Trimester 3,1,0,0,0,0,0,1,0,0,0,1,0,1
38134698,Trimester 3,0,1,0,0,0,0,0,0,1,0,0,0,1
38134707,Trimester 3,1,0,0,0,0,0,0,0,0,3,0,0,1
38134733,Trimester 3,1,0,0,1,0,0,0,0,0,0,0,0,1
38134914,Trimester 3,0,1,0,0,0,1,0,0,0,0,1,0,0
38135080,Trimester 3,0,1,0,0,0,0,0,0,0,0,0,0,2
38135223,Trimester 3,0,2,0,0,0,0,0,1,1,0,0,0,0
38135714,Trimester 3,1,1,0,0,0,0,1,1,0,0,1,0,0
38136819,Trimester 3,0,1,0,0,0,1,0,0,0,2,1,0,0
38137382,Trimester 3,1,0,0,0,0,1,0,0,0,2,1,0,1
38137546,Trimester 3,1,0,0,0,0,0,0,1,0,2,0,0,0
38137898,Trimester 3,1,1,0,0,0,0,1,0,0,0,0,0,1
38138217,Trimester 3,1,0,0,1,0,0,0,0,0,0,0,0,1
38138223,Trimester 3,1,0,0,0,0,0,0,0,0,2,1,0,1
38139221,Trimester 3,1,0,0,0,0,0,1,0,0,0,0,0,1
38139338,Trimester 3,1,0,0,0,0,0,1,1,0,1,0,0,0
38139413,Trimester 3,0,1,0,0,0,0,0,0,0,0,0,0,1
38140115,Trimester 3,1,0,0,1,0,0,1,1,0,0,1,0,1
38140237,Trimester 3,0,1,0,0,0,1,1,0,0,0,0,0,1
38140327,Trimester 3,1,0,0,0,0,0,0,0,0,0,0,0,1
38140432,Trimester 3,0,1,0,1,0,0,1,0,0,0,1,0,0
38140708,Trimester 3,0,1,0,0,0,0,1,2,0,0,1,0,1
38141193,Trimester 3,0,2,0,0,0,1,0,0,1,0,0,0,1
38142200,Trimester 3,1,0,0,0,0,0,0,0,0,0,1,0,1
38142214,Trimester 3,0,1,0,0,1,0,0,0,1,1,0,0,0
38142219,Trimester 3,0,1,0,0,1,0,1,0,0,0,0,0,1
38142425,Trimester 3,1,0,0,0,0,0,0,1,0,0,0,0,0
38142452,Trimester 3,1,0,0,0,0,1,0,1,0,0,1,0,1
38142470,Trimester 3,0,0,0,0,0,0,1,0,0,1,1,0,1
38142735,Trimester 3,1,0,0,1,1,0,1,0,0,0,0,0,1
38142903,Trimester 3,1,0,0,1,0,0,0,0,1,2,0,0,1
38142934,Trimester 3,1,0,0,0,0,1,0,0,0,0,0,0,1
38143068,Trimester 3,0,1,0,0,0,0,0,0,1,1,1,0,1
38143312,Trimester 3,1,1,0,0,0,1,0,0,0,0,0,0,1
38143474,Trimester 3,1,0,0,0,0,1,1,1,0,0,1,0,0
38143688,Trimester 3,0,1,0,1,0,0,0,0,0,2,1,0,0
38143836,Trimester 3,1,0,0,0,0,0,0,0,0,2,1,0,1
38143849,Trimester 3,0,1,0,0,0,0,0,0,1,3,0,0,0
38143873,Trimester 3,1,0,0,0,1,0,0,0,0,0,1,0,1
38143879,Trimester 3,1,1,0,0,0,0,0,1,1,0,0,0,0
38144285,Trimester 3,0,2,0,0,0,0,0,0,1,0,0,0,2
38144694,Trimester 3,1,0,1,0,0,0,0,0,0,0,1,0,1
38144766,Trimester 3,1,1,0,0,0,0,0,1,0,0,0,0,1
38144815,Trimester 3,0,1,0,1,0,0,0,0,0,3,0,0,0
38145122,Trimester 3,0,1,0,0,0,0,1,1,0,0,0,0,1
38145132,Trimester 3,0,3,0,0,0,0,0,0,0,0,0,0,1
38145447,Trimester 3,0,0,0,0,0,0,1,0,0,1,0,0,1
38145963,Trimester 3,1,0,0,0,0,0,0,0,0,0,1,0,1
38146190,Trimester 3,1,0,0,0,0,0,0,0,0,0,0,0,1
38146261,Trimester 3,0,1,0,0,0,0,0,0,2,0,1,0,1
38146633,Trimester 3,1,1,0,0,1,1,0,0,0,0,0,0,1
38146796,Trimester 3,1,1,0,0,0,0,0,0,1,1,0,0,0
38147890,Trimester 3,1,0,0,0,0,0,0,0,0,1,0,0,1
38148418,Trimester 3,1,1,0,0,0,0,1,1,0,0,0,0,0
38151707,Trimester 3,1,0,0,0,0,0,0,0,0,0,0,0,2
38151804,Trimester 3,1,1,0,0,1,0,0,1,0,0,0,0,1
38153625,Trimester 3,1,0,0,0,0,0,0,0,1,0,0,0,1
38153785,Trimester 3,0,0,0,0,0,1,0,0,0,3,0,0,0
38155234,Trimester 3,1,0,0,0,0,0,0,0,0,0,0,0,1
38156045,Trimester 3,0,1,0,0,0,1,0,0,0,0,0,0,1
38156934,Trimester 3,1,0,0,0,0,0,0,1,0,1,1,0,0
38156965,Trimester 3,1,1,0,0,0,0,0,0,1,0,0,0,1
38157018,Trimester 3,1,0,0,0,0,0,1,0,0,1,1,0,0
38157158,Trimester 3,1,0,0,0,0,1,0,0,0,1,1,0,0
38157401,Trimester 3,1,1,0,0,0,0,0,0,0,0,0,0,2
38159682,Trimester 3,0,1,0,0,0,0,0,1,0,0,0,0,1
38159821,Trimester 3,0,0,0,1,0,0,0,0,1,0,1,0,1
38160273,Trimester 3,0,1,0,0,1,0,0,0,0,0,1,0,1
38160502,Trimester 3,1,0,0,0,0,0,2,0,0,1,0,0,0
38160713,Trimester 3,1,0,0,0,0,0,0,0,0,0,1,0,1
38160767,Trimester 3,1,1,0,1,0,0,0,0,0,0,1,0,1
38160893,Trimester 3,0,0,0,0,0,0,1,0,0,1,1,0,0
38162336,Trimester 3,1,0,0,0,0,0,1,0,1,0,1,0,1
38162498,Trimester 3,0,2,0,0,0,1,0,1,0,0,0,0,1
38162964,Trimester 3,1,0,0,0,0,0,1,1,0,1,0,0,1
38163029,Trimester 3,1,0,0,0,0,0,0,1,0,0,0,0,1
38163065,Trimester 3,0,1,0,0,0,0,0,0,1,1,0,0,1
38163071,Trimester 3,1,0,0,0,0,0,1,0,0,2,0,0,0
38163296,Trimester 3,1,0,0,0,0,0,1,0,1,0,0,0,1
38163397,Trimester 3,1,0,0,0,0,1,1,0,0,1,0,0,1
38164025,Trimester 3,0,1,0,0,0,0,1,0,0,0,1,0,2
38165395,Trimester 3,1,0,0,1,0,0,0,0,0,1,0,0,1
38167495,Trimester 3,1,1,0,0,0,0,0,0,1,0,1,0,0
38169143,Trimester 3,1,0,0,0,0,0,0,0,0,0,2,0,1
38169650,Trimester 3,0,0,0,1,0,0,1,0,0,1,1,0,1
38170761,Trimester 3,0,0,0,0,0,1,0,0,0,1,0,0,1
38172141,Trimester 3,1,1,0,0,0,0,0,0,0,1,1,0,0
38173099,Trimester 3,0,0,0,0,0,0,1,0,0,2,0,0,2
38174002,Trimester 3,1,1,1,0,0,0,0,0,0,0,0,0,0
38175371,Trimester 3,0,1,0,1,0,0,0,0,1,2,0,0,0
38175409,Trimester 3,1,1,0,0,0,0,0,0,1,0,0,0,1
38175751,Trimester 3,0,1,0,0,0,0,0,2,0,0,0,0,1
38177233,Trimester 3,1,0,0,0,1,1,0,0,0,0,1,0,0
38177267,Trimester 3,1,0,0,0,1,0,0,0,1,0,1,0,1
38178070,Trimester 3,0,1,0,0,0,1,0,0,1,0,0,0,0
38178571,Trimester 3,0,1,0,0,0,0,0,0,2,0,1,0,0
38178646,Trimester 3,1,0,0,0,1,1,0,0,0,1,0,0,1
38178907,Trimester 3,1,1,0,0,0,0,1,0,1,0,0,0,1
38179977,Trimester 3,1,1,0,0,0,0,0,0,0,0,1,0,1
38180140,Trimester 3,0,2,0,0,0,0,0,0,1,0,0,0,1
38180428,Trimester 3,1,0,1,0,0,0,1,0,1,0,0,0,1
38180494,Trimester 3,0,0,0,1,0,0,1,0,0,0,1,0,1
38180697,Trimester 3,0,0,0,0,0,1,0,0,0,0,0,0,1
38181161,Trimester 3,1,1,0,0,0,0,1,0,0,0,1,0,0
38181281,Trimester 3,0,1,0,0,0,0,1,0,0,0,1,0,0
38181374,Trimester 3,0,1,0,0,0,0,1,0,0,0,1,0,1
38182467,Trimester 3,0,1,0,0,0,0,1,0,1,0,1,0,1
38186324,Trimester 3,1,0,0,0,1,1,0,0,0,0,0,0,0
38186826,Trimester 3,0,1,0,0,0,0,1,0,0,2,1,0,1
38188138,Trimester 3,1,0,0,1,0,2,0,0,0,0,0,0,1
38190055,Trimester 3,0,3,0,0,1,0,0,0,0,0,1,0,1
38193495,Trimester 3,0,2,0,0,0,1,1,0,0,0,1,0,0
38197682,Trimester 3,1,0,0,0,0,1,0,0,0,2,0,0,1
38197815,Trimester 3,0,1,0,0,0,0,1,0,1,0,0,0,1
38198399,Trimester 3,0,1,0,0,0,1,1,1,0,0,0,0,0
38199443,Trimester 3,0,0,0,0,0,0,0,1,0,2,1,0,1
38201522,Trimester 3,1,0,0,1,0,1,0,1,0,1,0,0,0
38201865,Trimester 3,1,0,0,0,0,0,1,1,0,0,1,0,1
38202360,Trimester 3,1,1,0,0,0,1,0,0,0,0,0,0,1
38211684,Trimester 3,0,0,0,0,0,0,1,0,1,0,1,0,0
38216777,Trimester 3,0,1,0,0,0,1,1,0,0,0,0,0,1
38220080,Trimester 3,1,0,0,1,0,1,0,0,0,1,0,0,1
38220577,Trimester 3,1,0,0,0,0,0,1,1,0,0,1,0,0
38220596,Trimester 3,0,1,0,0,0,1,0,0,1,1,1,0,0
38231861,Trimester 3,1,0,0,0,0,0,0,0,0,2,0,0,1
38238093,Trimester 3,0,1,0,0,0,0,0,0,1,1,1,0,1
38239788,Trimester 3,0,1,0,0,1,0,0,0,0,0,1,0,2
38287634,Trimester 3,1,0,0,1,0,1,0,0,0,1,0,0,1
38289491,Trimester 3,0,0,0,1,0,1,0,0,0,1,1,0,1
38299415,Trimester 3,1,1,0,0,0,0,0,1,1,0,0,0,0
38305059,Trimester 3,0,1,0,1,0,0,1,0,0,0,1,0,1
38306143,Trimester 3,0,1,0,0,0,0,1,0,1,1,0,0,1
38307860,Trimester 3,1,2,0,0,0,0,0,0,0,1,1,0,0
38311096,Trimester 3,1,2,0,0,0,1,0,0,1,0,0,0,0
38313832,Trimester 3,1,1,0,0,0,1,0,1,0,0,0,0,1
38315644,Trimester 3,1,0,0,0,0,1,0,0,0,1,0,0,1
38317204,Trimester 3,1,0,0,0,0,1,0,0,0,1,1,0,1
38317791,Trimester 3,1,1,0,0,0,1,0,0,1,0,0,0,1
38318711,Trimester 3,1,2,0,0,0,0,0,0,0,0,0,0,0
38326984,Trimester 3,1,0,0,0,0,0,0,0,0,2,1,0,1
38327477,Trimester 3,1,1,0,0,0,0,0,0,0,0,1,0,1
38330624,Trimester 3,0,1,0,0,0,2,0,0,0,1,0,0,1
38330682,Trimester 3,1,2,0,0,0,0,0,1,0,0,0,0,1
38330868,Trimester 3,1,0,0,1,0,0,0,0,0,0,1,0,1
38331604,Trimester 3,0,1,0,0,0,2,0,0,0,1,0,0,0
38331826,Trimester 3,1,1,0,1,0,2,0,0,0,0,0,0,0
38331849,Trimester 3,0,1,0,0,0,0,1,0,0,0,1,0,1
38331987,Trimester 3,1,2,0,0,1,0,0,0,0,0,0,0,1
38332228,Trimester 3,0,1,0,0,0,0,1,0,0,0,1,0,1
38332461,Trimester 3,0,1,0,0,0,0,0,0,0,2,1,0,0
38333200,Trimester 3,0,1,0,0,0,1,0,0,1,1,0,0,1
38333244,Trimester 3,1,0,0,0,0,0,0,1,0,1,0,0,0
38333293,Trimester 3,1,1,0,0,0,0,0,1,0,0,1,0,0
38333349,Trimester 3,0,1,0,0,0,0,0,0,1,1,0,0,1
38333600,Trimester 3,1,0,0,0,0,1,0,0,0,0,0,0,2
38334624,Trimester 3,0,1,0,1,0,0,0,0,1,1,1,0,0
38334814,Trimester 3,0,1,0,0,0,1,1,0,1,0,1,0,0
38335106,Trimester 3,0,1,0,0,0,0,0,1,1,0,0,0,1
38336704,Trimester 3,1,0,0,1,0,0,0,1,0,0,0,0,1
38337263,Trimester 3,1,0,0,0,0,1,0,0,1,0,0,0,1
38340642,Trimester 3,1,1,0,0,0,1,0,0,1,0,0,0,0
38341967,Trimester 3,0,0,0,0,0,1,0,0,0,3,0,0,1
38342531,Trimester 3,0,1,0,0,1,0,1,0,0,0,0,0,1
38345790,Trimester 3,1,0,0,0,1,0,0,0,0,1,1,0,0
38346079,Trimester 3,1,0,0,0,0,0,1,0,1,2,0,0,0
38346106,Trimester 3,1,0,0,1,0,1,0,0,1,0,0,0,1
38346339,Trimester 3,0,0,0,0,0,0,0,0,0,2,1,0,1
38348534,Trimester 3,0,1,0,1,0,0,0,0,0,1,0,0,1
38348984,Trimester 3,0,1,0,0,0,1,1,0,0,0,0,0,1
38349850,Trimester 3,0,1,0,0,0,0,0,0,1,0,1,0,1
38349980,Trimester 3,0,0,0,0,0,0,0,0,0,2,1,0,1
38350090,Trimester 3,0,1,0,0,0,0,0,0,0,0,0,0,1
38350619,Trimester 3,0,1,0,0,1,0,0,0,0,1,0,0,1
38352904,Trimester 3,1,0,0,0,0,0,1,0,0,0,1,0,0
38353056,Trimester 3,0,2,0,0,0,2,0,1,0,0,0,0,0
38353523,Trimester 3,1,0,0,0,0,2,0,0,0,0,0,0,1
38355678,Trimester 3,1,0,0,0,1,0,0,0,0,1,0,0,1
38359685,Trimester 3,0,0,0,0,0,1,1,0,0,1,0,0,0
38363645,Trimester 3,0,1,0,0,0,1,0,1,0,0,0,0,1
38365014,Trimester 3,1,1,0,0,0,0,0,0,0,0,0,0,2
38365425,Trimester 3,1,0,0,1,0,0,1,0,0,0,1,0,0
38365816,Trimester 3,1,0,0,0,0,0,0,1,1,0,0,0,1
38367352,Trimester 3,1,0,0,0,0,1,0,0,0,0,1,0,1
38376858,Trimester 3,1,0,0,0,0,0,0,0,2,0,0,0,2
38379622,Trimester 3,1,0,0,0,0,2,1,0,0,2,0,0,0
38381912,Trimester 3,1,0,0,0,0,0,0,1,0,0,0,0,1
38383791,Trimester 3,1,0,0,0,0,0,0,0,0,2,1,0,1
38383855,Trimester 3,0,0,0,0,0,1,0,0,0,1,0,0,1
38384852,Trimester 3,0,0,0,0,0,1,0,0,0,0,0,0,1
38385015,Trimester 3,0,0,0,1,0,1,0,0,0,1,1,0,1
38386927,Trimester 3,1,1,0,0,0,0,0,1,0,1,0,0,1
38387934,Trimester 3,1,0,0,0,0,2,0,1,0,0,0,0,1
38388453,Trimester 3,0,1,0,0,0,0,1,0,0,0,1,0,1
38388845,Trimester 3,0,0,0,1,0,2,2,0,0,0,0,0,0
38388893,Trimester 3,1,0,0,0,0,0,0,1,0,1,1,0,1
38391390,Trimester 3,0,1,0,0,0,0,0,1,1,0,1,0,1
38392276,Trimester 3,1,0,0,0,0,0,1,1,0,0,1,0,1
38393145,Trimester 3,1,0,0,0,0,0,1,0,0,0,1,0,0
38395460,Trimester 3,1,0,0,0,0,1,0,0,0,0,1,0,1
38395990,Trimester 3,0,0,0,0,0,0,0,0,1,2,1,0,0
38397197,Trimester 3,1,0,0,0,0,0,1,0,0,0,1,0,1
38397327,Trimester 3,1,0,0,1,0,0,0,0,1,0,1,0,1
38397736,Trimester 3,0,1,0,0,0,0,0,1,2,0,0,0,1
38399132,Trimester 3,0,1,0,1,0,0,0,0,0,2,1,0,1
38400077,Trimester 3,1,0,0,0,0,0,0,1,0,1,1,0,0
38403765,Trimester 3,0,0,0,1,0,1,2,0,0,1,0,0,0
38404296,Trimester 3,1,0,0,0,0,0,0,1,1,1,0,0,0
38404675,Trimester 3,0,1,0,0,0,0,0,0,0,3,0,0,0
38406665,Trimester 3,0,2,0,0,0,0,0,1,0,0,0,0,1
38407040,Trimester 3,0,1,0,1,1,0,0,0,0,1,0,0,0
38408005,Trimester 3,0,0,0,0,0,0,0,0,0,1,1,0,1
38413431,Trimester 3,0,1,0,0,0,0,1,0,0,1,0,0,0
38413981,Trimester 3,1,2,0,0,0,0,0,0,0,0,1,0,1
38417030,Trimester 3,1,1,0,0,0,0,0,0,1,0,0,0,0
38418247,Trimester 3,1,0,0,0,0,1,0,0,1,1,0,0,0
38422835,Trimester 3,1,0,0,0,0,0,3,0,0,1,0,0,1
38425897,Trimester 3,0,1,0,1,0,0,0,0,0,2,1,0,1
38428094,Trimester 3,1,0,0,0,0,2,0,0,0,0,0,0,0
38428469,Trimester 3,1,0,0,0,0,0,0,0,0,3,1,0,0
38428567,Trimester 3,0,1,0,1,0,0,0,0,0,1,0,0,1
38429200,Trimester 3,0,0,0,0,0,0,0,0,0,0,0,0,0
39008009,Trimester 3,1,0,0,1,1,0,0,0,0,0,1,1,0
39021877,Trimester 3,1,0,0,0,0,0,0,0,0,1,1,1,0
39025236,Trimester 3,1,0,0,0,0,0,0,0,0,0,1,1,0
39032825,Trimester 3,1,0,0,0,0,0,0,0,0,1,1,1,0
39033555,Trimester 3,1,0,0,0,0,0,0,0,0,0,1,1,0
39038197,Trimester 3,1,0,0,0,0,0,0,0,0,0,0,1,0
39045451,Trimester 3,1,0,0,0,0,0,1,0,0,1,1,1,0
39111241,Trimester 3,1,0,0,1,0,0,1,0,0,0,1,1,0
39111415,Trimester 3,1,0,0,0,0,0,0,0,0,0,1,1,0
39112405,Trimester 3,0,1,0,0,0,0,0,1,0,1,0,1,0
39113726,Trimester 3,1,0,0,0,0,0,0,1,0,1,1,1,0
39124139,Trimester 3,1,0,0,0,0,0,0,0,0,0,1,1,0
39125217,Trimester 3,0,1,0,0,0,0,1,0,0,0,1,1,0
39125573,Trimester 3,0,1,0,0,0,0,0,1,0,0,1,1,0
39125958,Trimester 3,1,0,0,1,0,0,1,0,0,1,1,1,0
39126371,Trimester 3,0,0,0,0,0,1,0,1,0,0,1,1,0
39127621,Trimester 3,1,0,1,1,0,0,0,0,0,0,1,1,0
39127782,Trimester 3,0,1,0,0,0,0,0,0,0,0,1,1,0
39127842,Trimester 3,1,0,0,0,1,0,0,0,0,0,1,1,0
39128361,Trimester 3,1,0,0,0,0,0,0,1,0,0,1,1,0
39131992,Trimester 3,1,0,0,1,0,0,0,0,1,0,1,1,0
39135356,Trimester 3,1,0,0,0,0,0,0,0,0,0,1,1,0
39138930,Trimester 3,1,0,1,1,0,0,0,0,0,0,1,1,0
39143712,Trimester 3,1,0,1,1,0,0,0,0,0,0,1,1,0
39143815,Trimester 3,0,1,0,0,0,0,0,0,0,0,1,1,0
39150118,Trimester 3,1,0,0,0,0,0,0,1,0,1,0,1,0
39151561,Trimester 3,1,0,0,0,1,0,0,0,0,0,1,1,0
39151605,Trimester 3,1,0,0,0,1,0,0,0,0,0,0,1,0
39151657,Trimester 3,0,1,0,0,0,0,0,0,0,0,1,1,0
39152392,Trimester 3,1,0,0,0,0,0,0,0,1,0,1,1,0
39152628,Trimester 3,1,0,0,0,0,0,0,0,0,1,0,1,0
39152836,Trimester 3,1,0,0,0,0,0,0,0,0,0,1,1,0
39153007,Trimester 3,1,0,0,0,0,0,0,0,0,0,1,1,0
39156246,Trimester 3,1,0,1,0,0,0,0,0,0,1,1,1,0
39160321,Trimester 3,1,0,0,1,0,0,0,0,0,0,1,1,0
39162225,Trimester 3,1,0,0,0,0,0,0,0,0,0,1,1,0
39166072,Trimester 3,0,1,0,0,0,1,0,1,0,0,0,1,0
39167768,Trimester 3,0,1,0,0,0,0,0,0,1,0,1,1,0
39169372,Trimester 3,1,0,0,0,0,0,0,0,0,0,1,1,0
39169875,Trimester 3,1,0,0,0,0,0,0,0,0,1,1,1,0
39170570,Trimester 3,1,0,0,0,0,0,1,0,0,0,0,1,0
39170649,Trimester 3,1,0,0,0,0,0,1,0,0,2,1,1,0
39170977,Trimester 3,1,0,1,0,0,0,0,0,0,1,1,1,0
39171760,Trimester 3,0,1,0,0,0,0,0,0,0,0,1,1,0
39175541,Trimester 3,1,0,0,0,1,0,0,0,0,0,1,1,0
39176807,Trimester 3,1,0,1,1,0,0,0,0,0,0,1,1,0
39177601,Trimester 3,1,0,1,0,0,0,1,0,0,0,1,1,0
39180570,Trimester 3,1,0,0,0,0,0,0,0,0,0,1,1,0
39184225,Trimester 3,1,0,0,0,0,0,0,0,0,0,1,1,0
39184425,Trimester 3,0,1,0,0,0,0,0,0,0,0,1,1,0
39185744,Trimester 3,1,0,0,0,0,0,0,0,0,0,1,1,0
39186928,Trimester 3,1,0,0,0,0,0,0,0,1,1,1,1,0
39187522,Trimester 3,1,0,0,1,0,0,0,0,0,1,1,1,0
39188529,Trimester 3,1,0,1,0,0,0,0,0,0,0,1,1,0
39189251,Trimester 3,1,0,0,0,0,0,0,1,1,0,1,1,0
39189351,Trimester 3,0,1,0,0,0,0,0,0,0,0,1,1,0
39193306,Trimester 3,1,0,0,1,0,0,0,0,0,0,1,1,0
39198283,Trimester 3,1,0,0,0,0,0,0,2,0,0,1,1,0
39199431,Trimester 3,1,0,0,0,0,0,1,0,0,1,1,1,0
39200456,Trimester 3,1,0,0,0,0,0,0,1,0,0,1,1,0
39200490,Trimester 3,1,0,0,1,0,0,1,0,0,1,1,1,0
39200682,Trimester 3,0,1,0,0,0,0,0,0,1,0,1,1,0
39200889,Trimester 3,1,0,0,0,1,0,1,0,0,1,1,1,0
39201589,Trimester 3,0,1,0,0,0,0,0,0,0,0,1,1,0
39201731,Trimester 3,1,0,0,0,0,0,0,0,0,0,1,1,0
39202116,Trimester 3,1,0,1,0,1,0,0,0,0,0,1,1,0
39202274,Trimester 3,1,0,1,0,0,0,0,0,0,0,1,1,0
39202628,Trimester 3,1,0,1,0,0,0,0,0,0,1,1,1,0
39202791,Trimester 3,1,0,0,1,0,0,0,0,0,2,0,1,0
39202901,Trimester 3,0,1,0,0,0,0,0,0,0,1,1,1,0
39202986,Trimester 3,1,0,0,1,0,0,0,0,0,0,1,1,0
39204631,Trimester 3,1,0,0,0,0,0,0,0,0,0,1,1,0
39207029,Trimester 3,1,0,0,0,0,0,0,0,0,0,1,1,0
39207589,Trimester 3,1,0,0,0,0,0,0,0,0,0,1,1,0
39210116,Trimester 3,1,0,0,0,0,0,0,2,0,0,1,1,0
39210878,Trimester 3,1,0,0,1,0,0,0,0,0,0,1,1,0
39210933,Trimester 3,0,1,0,0,0,0,0,0,1,0,0,1,0
39211666,Trimester 3,1,0,0,0,0,0,0,0,0,2,0,1,0
39216209,Trimester 3,1,0,0,0,0,0,0,0,0,0,1,1,0
39218045,Trimester 3,1,0,0,0,0,0,0,0,0,0,1,1,0
39218706,Trimester 3,1,0,0,0,0,0,0,1,0,0,1,1,0
39227121,Trimester 3,1,0,0,0,0,0,0,0,0,0,1,1,0
39227611,Trimester 3,1,0,0,0,0,0,1,0,0,0,1,1,0
39230589,Trimester 3,1,0,0,0,0,0,0,0,0,0,1,1,0
39234563,Trimester 3,1,0,0,1,0,0,0,0,0,0,1,1,0
39235468,Trimester 3,1,0,0,0,0,1,0,0,0,0,1,1,0
39238002,Trimester 3,1,0,0,1,0,0,0,0,0,0,1,1,0
39241985,Trimester 3,1,0,0,0,0,0,0,0,0,1,1,1,0
39244323,Trimester 3,1,0,0,0,1,0,0,0,0,0,1,1,0
39248783,Trimester 3,1,0,1,0,0,0,0,0,0,0,1,1,0
39249260,Trimester 3,0,1,1,0,0,0,0,0,0,0,1,1,0
39319722,Trimester 3,1,0,0,0,0,0,1,0,0,1,1,1,0
39365372,Trimester 3,1,0,0,1,0,0,0,0,0,0,1,1,0
39427979,Trimester 3,1,0,0,0,0,0,1,1,0,0,1,1,0
39898230,Trimester 3,0,1,0,0,0,0,0,0,0,0,1,1,0
39898708,Trimester 3,1,0,0,0,0,0,0,1,0,0,1,1,0
39898720,Trimester 3,1,0,1,0,0,0,0,0,0,1,1,1,0
39898813,Trimester 3,1,0,0,0,0,0,0,0,0,0,1,1,0
39898818,Trimester 3,0,2,0,0,0,0,0,0,0,0,1,1,0
39898826,Trimester 3,1,0,0,0,0,0,0,0,0,0,1,1,0
39898830,Trimester 3,1,0,0,0,0,0,0,1,0,0,1,1,0
39898843,Trimester 3,1,0,0,0,0,0,0,0,0,0,1,1,0
39898857,Trimester 3,1,0,1,0,0,0,0,0,0,1,1,1,0
39898873,Trimester 3,1,0,1,1,0,0,0,0,0,2,0,1,0
39898883,Trimester 3,1,0,0,0,0,0,0,0,0,0,1,1,0
39898927,Trimester 3,1,0,0,0,0,0,0,0,0,0,1,1,0
39898936,Trimester 3,1,0,1,1,0,0,0,0,0,0,1,1,0
39898939,Trimester 3,0,1,0,0,0,1,0,0,0,0,1,1,0
39898951,Trimester 3,1,0,0,0,0,0,0,0,1,0,1,1,0
39898978,Trimester 3,1,0,0,1,0,0,0,0,0,0,0,1,0
39898993,Trimester 3,1,0,0,0,0,0,0,0,0,1,0,1,0
39898995,Trimester 3,1,0,0,0,0,0,0,0,0,1,1,1,0
39899004,Trimester 3,1,0,0,0,0,0,0,1,0,0,1,1,0
39899007,Trimester 3,1,2,0,0,0,0,0,0,0,0,1,1,0
39899009,Trimester 3,1,0,0,0,0,0,0,0,0,0,1,1,0
39899039,Trimester 3,1,0,0,0,0,0,0,0,0,2,0,1,0
39899050,Trimester 3,1,0,0,0,0,0,0,0,0,0,0,1,0
39899072,Trimester 3,1,0,0,0,0,0,0,1,0,0,1,1,0
39899076,Trimester 3,0,1,0,0,0,0,0,0,0,0,1,1,0
39899090,Trimester 3,1,0,0,0,0,0,0,1,0,0,1,1,0
39899096,Trimester 3,1,0,0,1,0,0,0,0,0,1,1,1,0
39899104,Trimester 3,1,1,0,0,0,0,0,0,0,0,1,1,0
39899108,Trimester 3,1,0,0,1,0,0,1,1,0,0,1,1,0
39899124,Trimester 3,1,0,0,0,0,0,0,1,0,1,1,1,0
39899131,Trimester 3,0,1,0,0,0,0,0,1,0,0,1,1,0
39899132,Trimester 3,1,0,0,0,0,0,0,0,0,0,1,1,0
39899137,Trimester 3,1,0,0,0,0,0,0,2,0,0,1,1,0
39899143,Trimester 3,1,0,0,0,0,0,1,1,0,0,1,1,0
39899156,Trimester 3,1,0,0,0,0,0,1,0,0,1,1,1,0
39899184,Trimester 3,1,0,0,0,0,0,1,0,0,1,1,1,0
39899223,Trimester 3,0,1,0,0,0,0,0,2,0,0,1,1,0
39899238,Trimester 3,1,0,1,0,0,0,0,0,0,0,1,1,0
39899239,Trimester 3,1,0,0,0,0,0,0,0,0,1,1,1,0
39899247,Trimester 3,1,0,0,1,0,0,0,0,0,0,1,1,0
39899285,Trimester 3,1,0,0,0,0,1,0,0,0,1,1,1,0
39899338,Trimester 3,1,0,0,0,0,0,0,0,1,0,1,1,0
39899362,Trimester 3,1,0,0,1,0,0,1,0,0,0,1,1,0
39899410,Trimester 3,1,0,1,0,0,0,0,0,0,2,1,1,0
39899425,Trimester 3,1,0,0,0,1,0,0,0,0,0,1,1,0
39899430,Trimester 3,1,0,0,0,0,0,1,0,0,0,1,1,0
39899457,Trimester 3,0,2,0,0,0,1,0,0,0,0,0,1,0
39899486,Trimester 3,0,1,0,0,0,0,0,0,0,0,1,1,0
39899504,Trimester 3,1,0,0,0,0,0,1,0,0,0,1,1,0
39899543,Trimester 3,1,0,0,0,1,0,0,0,0,1,1,1,0
39899553,Trimester 3,1,0,0,0,0,0,0,0,0,0,1,1,0
39899555,Trimester 3,1,0,0,0,0,0,0,0,0,0,1,1,0
39899601,Trimester 3,1,0,0,0,0,0,1,0,0,0,1,1,0
39899663,Trimester 3,1,0,0,0,0,0,1,0,0,0,1,1,0
39899717,Trimester 3,0,1,0,0,0,0,1,0,0,0,1,1,0
39899741,Trimester 3,1,0,0,0,1,0,0,1,0,0,1,1,0
39899750,Trimester 3,1,0,0,1,0,0,0,0,0,1,1,1,0
39899785,Trimester 3,0,1,0,0,0,0,0,0,0,1,1,1,0
39899791,Trimester 3,0,1,0,0,0,0,0,0,1,0,1,1,0
39899841,Trimester 3,1,0,1,1,0,0,0,0,0,0,1,1,0
39899877,Trimester 3,1,0,0,0,0,1,0,0,0,0,1,1,0
39899890,Trimester 3,0,1,0,0,0,0,0,0,0,0,1,1,0
39899897,Trimester 3,1,0,1,0,0,0,0,0,0,0,1,1,0
39899908,Trimester 3,1,0,0,0,0,0,0,0,0,0,1,1,0
39899924,Trimester 3,1,0,0,0,0,0,0,0,0,1,1,1,0
39899928,Trimester 3,0,1,0,0,0,0,0,0,0,0,1,1,0
39899991,Trimester 3,0,1,0,0,0,0,0,0,0,0,1,1,0
39900002,Trimester 3,1,0,0,0,0,0,0,2,0,0,1,1,0
39900048,Trimester 3,0,1,0,0,0,0,0,1,0,0,1,1,0
39900055,Trimester 3,1,0,0,0,0,0,1,0,0,0,1,1,0
39900066,Trimester 3,1,0,0,0,0,0,0,0,0,1,1,1,0
39900088,Trimester 3,1,0,0,1,0,0,0,0,0,0,1,1,0
39900089,Trimester 3,1,0,0,0,0,0,0,1,0,0,1,1,0
39900112,Trimester 3,1,0,0,1,0,0,1,0,0,0,1,1,0
39900135,Trimester 3,1,0,0,0,1,0,0,1,0,0,0,1,0
39900187,Trimester 3,1,0,0,0,0,0,1,0,0,0,1,1,0
39900193,Trimester 3,1,0,0,0,0,0,1,0,0,0,0,1,0
39900361,Trimester 3,1,0,0,0,1,0,0,0,0,0,1,1,0
39900400,Trimester 3,1,0,0,0,0,0,0,0,0,0,1,1,0
39900411,Trimester 3,1,0,1,0,0,0,1,0,0,0,1,1,0
39900451,Trimester 3,1,0,1,1,0,0,0,0,0,0,0,1,0
39900457,Trimester 3,1,0,1,0,0,0,0,0,0,0,1,1,0
39900494,Trimester 3,1,0,1,0,0,0,0,0,0,0,1,1,0
39900501,Trimester 3,1,0,1,0,0,0,0,0,0,0,1,1,0
39900503,Trimester 3,1,0,0,1,0,0,1,0,0,0,1,1,0
39900529,Trimester 3,1,0,0,0,0,0,0,0,0,0,1,1,0
39900610,Trimester 3,1,0,0,0,0,0,0,1,0,0,1,1,0
39900682,Trimester 3,1,0,0,0,0,0,0,0,1,2,1,1,0
39900931,Trimester 3,0,1,0,0,0,0,0,0,0,0,1,1,0
39900935,Trimester 3,0,1,0,0,0,0,0,0,0,1,0,1,0
39900997,Trimester 3,1,0,0,1,0,0,0,0,0,1,1,1,0
39901023,Trimester 3,1,0,0,0,0,0,0,0,1,0,1,1,0
39901223,Trimester 3,1,0,0,0,0,1,0,0,0,1,1,1,0
39901348,Trimester 3,1,0,0,0,0,0,0,0,0,0,1,1,0
39901772,Trimester 3,1,0,0,0,0,0,0,0,0,0,1,1,0
39902030,Trimester 3,0,1,0,0,0,0,0,1,0,0,1,1,0
39902100,Trimester 3,1,0,0,0,0,0,1,0,0,1,1,1,0
39902292,Trimester 3,1,0,0,0,0,0,0,1,0,1,1,1,0
39902398,Trimester 3,1,0,0,0,1,0,0,0,0,0,1,1,0
39902513,Trimester 3,0,1,0,0,0,0,0,0,1,0,1,1,0
39902620,Trimester 3,0,1,0,0,0,0,0,0,0,0,1,1,0
39902823,Trimester 3,1,0,0,0,0,0,0,0,0,1,1,1,0
39903016,Trimester 3,0,1,0,0,0,0,0,1,1,1,0,1,0
39903175,Trimester 3,1,0,0,1,0,0,0,0,0,0,1,1,0
39903198,Trimester 3,1,0,1,0,1,0,0,0,0,1,1,1,0
39903258,Trimester 3,1,0,1,0,0,0,0,0,0,1,1,1,0
39903273,Trimester 3,1,0,0,0,0,0,0,1,0,0,1,1,0
39903275,Trimester 3,1,0,0,0,0,0,0,2,0,0,1,1,0
39903371,Trimester 3,1,0,0,1,1,0,0,0,0,0,1,1,0
39903390,Trimester 3,1,0,0,1,0,0,0,0,0,0,1,1,0
39903447,Trimester 3,0,1,0,0,0,0,0,0,0,0,1,1,0
39903460,Trimester 3,1,0,0,1,0,0,0,0,0,0,1,1,0
39903469,Trimester 3,1,0,0,0,1,0,1,0,0,0,1,1,0
39903471,Trimester 3,1,0,0,0,0,0,0,0,0,2,1,1,0
39903481,Trimester 3,1,0,0,0,0,0,0,0,0,0,1,1,0
39903485,Trimester 3,1,0,1,1,0,0,0,0,0,0,1,1,0
39903589,Trimester 3,1,0,0,0,0,0,0,1,0,0,1,1,0
39903634,Trimester 3,1,0,0,1,0,0,0,0,0,0,1,1,0
39903769,Trimester 3,1,0,0,0,0,0,1,0,0,0,1,1,0
39903841,Trimester 3,0,1,0,0,0,0,0,1,0,0,0,1,0
39903911,Trimester 3,1,0,0,0,0,1,0,0,0,0,1,1,0
39904691,Trimester 3,1,0,0,0,0,0,0,0,0,0,1,1,0
39904766,Trimester 3,1,0,0,0,0,0,0,0,0,0,1,1,0
39904925,Trimester 3,1,0,0,0,0,0,0,0,0,1,1,1,0
39905659,Trimester 3,1,0,1,0,0,0,0,0,0,0,0,1,0
39906183,Trimester 3,1,0,1,0,0,0,0,0,0,1,1,1,0
39906307,Trimester 3,1,0,0,1,0,0,0,1,0,0,1,1,0
39906360,Trimester 3,1,0,0,0,0,0,1,0,0,0,1,1,0
39906437,Trimester 3,1,0,0,0,1,0,0,0,1,0,1,1,0
39906537,Trimester 3,1,0,0,0,0,0,0,0,0,1,1,1,0
39906553,Trimester 3,1,0,0,0,0,0,0,0,0,1,1,1,0
39906800,Trimester 3,1,0,0,0,0,0,0,0,0,0,1,1,0
39906818,Trimester 3,0,1,0,0,0,0,0,0,0,0,1,1,0
39908647,Trimester 3,1,0,0,0,0,0,1,0,1,0,1,1,0
39909042,Trimester 3,1,0,0,0,0,0,0,0,0,0,1,1,0
39909475,Trimester 3,1,0,0,0,0,0,0,0,1,0,1,1,0
39909653,Trimester 3,1,0,0,0,0,0,1,0,0,0,1,1,0
39909752,Trimester 3,1,0,0,0,0,2,0,0,0,0,1,1,0
39909802,Trimester 3,1,0,0,0,0,0,0,0,1,0,0,1,0
39910248,Trimester 3,1,0,0,0,0,0,0,0,0,1,1,1,0
39911237,Trimester 3,0,1,0,0,0,0,0,0,0,1,1,1,0
39911385,Trimester 3,1,0,0,0,0,0,0,1,0,0,1,1,0
39911514,Trimester 3,0,1,0,0,1,0,0,1,0,0,1,1,0
39911553,Trimester 3,0,2,0,0,0,0,0,0,0,0,1,1,0
39912039,Trimester 3,1,0,0,1,0,0,0,0,0,0,1,1,0
39912354,Trimester 3,0,1,0,0,1,0,1,0,0,1,1,1,0
39912594,Trimester 3,1,0,1,0,1,0,0,0,0,0,1,1,0
39913309,Trimester 3,1,0,0,0,0,2,0,0,0,0,1,1,0
39913408,Trimester 3,0,1,0,0,0,0,0,0,0,0,1,1,0
39913421,Trimester 3,1,0,0,0,0,0,0,0,0,0,1,1,0
39913518,Trimester 3,1,0,0,0,0,0,0,0,0,0,0,1,0
39913604,Trimester 3,1,0,0,1,0,0,0,0,0,0,1,1,0
39913675,Trimester 3,0,1,0,0,0,0,0,0,1,0,1,1,0
39914135,Trimester 3,1,0,1,0,0,0,0,0,0,0,1,1,0
39914180,Trimester 3,0,1,0,0,0,0,1,1,0,0,1,1,0
39914755,Trimester 3,1,0,1,0,1,0,0,0,0,0,1,1,0
39914913,Trimester 3,1,0,0,1,0,0,0,0,0,0,1,1,0
39915048,Trimester 3,1,0,0,1,1,0,0,0,0,0,1,1,0
39915073,Trimester 3,1,0,1,0,1,0,0,0,0,0,1,1,0
39915254,Trimester 3,0,1,0,0,1,0,1,0,0,0,1,1,0
39915321,Trimester 3,1,0,0,0,0,0,1,0,0,0,1,1,0
39915721,Trimester 3,0,1,0,0,0,0,1,0,0,0,1,1,0
39915727,Trimester 3,0,1,0,0,0,0,0,1,0,0,1,1,0
39916191,Trimester 3,1,0,0,0,0,0,0,0,0,1,1,1,0
39916292,Trimester 3,0,1,0,0,0,0,0,0,1,0,1,1,0
39916561,Trimester 3,1,0,0,0,0,0,1,0,0,0,1,1,0
39917066,Trimester 3,1,0,0,1,0,0,0,0,0,0,1,1,0
39917191,Trimester 3,1,0,0,0,0,0,1,0,0,0,1,1,0
39919245,Trimester 3,1,0,0,0,0,0,0,1,0,0,1,1,0
39919332,Trimester 3,1,0,0,0,0,0,0,0,0,0,1,1,0
39919458,Trimester 3,1,0,0,0,0,0,0,0,0,0,1,1,0
39919531,Trimester 3,1,0,0,1,0,0,1,0,0,0,1,1,0
39920684,Trimester 3,1,0,0,0,0,0,0,0,0,1,1,1,0
39921224,Trimester 3,1,0,0,1,0,0,0,0,0,0,1,1,0
39922517,Trimester 3,1,0,0,0,0,0,0,0,0,0,1,1,0
39922535,Trimester 3,1,0,1,0,0,0,0,0,0,1,0,1,0
39922642,Trimester 3,1,0,0,0,0,0,0,0,0,0,1,1,0
39923061,Trimester 3,1,0,0,0,0,0,0,0,0,1,1,1,0
39924036,Trimester 3,1,0,0,0,0,0,0,0,0,0,1,1,0
39928644,Trimester 3,1,0,1,0,1,0,0,0,0,0,1,1,0
39930798,Trimester 3,1,0,0,0,0,0,0,0,0,0,1,1,0
39931660,Trimester 3,1,0,0,1,0,0,0,0,0,0,1,1,0
39932758,Trimester 3,1,0,0,0,0,0,0,1,0,2,1,1,0
39933588,Trimester 3,1,0,0,0,0,0,0,0,0,0,1,1,0
39933756,Trimester 3,1,0,0,0,0,0,0,0,0,1,1,1,0
39933763,Trimester 3,0,1,0,0,0,0,0,1,1,0,0,1,0
39934004,Trimester 3,1,0,0,0,0,0,0,0,0,1,1,1,0
39934040,Trimester 3,1,0,1,0,0,0,0,0,0,1,1,1,0
39934225,Trimester 3,1,0,0,0,0,1,0,0,0,0,1,1,0
39936212,Trimester 3,1,0,0,0,0,0,0,0,0,0,1,1,0
39936879,Trimester 3,0,1,0,0,0,0,0,0,0,0,1,1,0
39937001,Trimester 3,1,0,0,0,0,0,1,0,0,0,1,1,0
39937044,Trimester 3,1,0,0,0,0,0,0,1,0,0,1,1,0
39937460,Trimester 3,1,0,1,0,0,0,0,0,0,0,1,1,0
39937890,Trimester 3,1,0,0,0,1,1,0,0,0,0,1,1,0
39938055,Trimester 3,1,0,0,0,0,0,0,0,0,0,1,1,0
39938760,Trimester 3,1,0,0,0,0,0,0,0,0,0,0,1,0
39938874,Trimester 3,1,0,0,1,0,0,1,0,0,0,1,1,0
39938876,Trimester 3,1,0,0,0,0,0,0,0,0,0,1,1,0
39938898,Trimester 3,1,0,0,0,0,0,1,0,0,0,1,1,0
39944426,Trimester 3,1,0,1,0,0,0,0,0,0,0,1,1,0
39944619,Trimester 3,1,0,0,0,0,0,0,1,0,0,1,1,0
39945131,Trimester 3,1,0,0,0,0,0,1,0,0,1,1,1,0
39945162,Trimester 3,1,0,0,1,0,0,1,0,0,0,1,1,0
39945962,Trimester 3,1,0,1,0,1,0,0,0,0,0,1,1,0
39946396,Trimester 3,1,0,0,0,0,0,0,1,0,0,1,1,0
39950594,Trimester 3,1,0,1,0,0,0,0,0,0,2,1,1,0
39950605,Trimester 3,1,0,0,1,0,1,0,0,0,0,1,1,0
39950980,Trimester 3,1,0,0,0,0,0,0,0,0,0,1,1,0
39951282,Trimester 3,1,0,0,0,0,0,0,0,0,0,1,1,0
39951874,Trimester 3,1,0,0,0,0,0,0,0,0,0,1,1,0
39952922,Trimester 3,1,0,0,0,0,0,1,0,0,0,1,1,0
39953401,Trimester 3,1,0,1,0,0,0,0,0,0,0,1,1,0
39953458,Trimester 3,1,0,1,0,0,0,0,0,0,0,1,1,0
39953462,Trimester 3,1,0,0,0,0,0,0,0,0,0,1,1,0
39953759,Trimester 3,1,0,0,0,0,0,0,0,0,0,1,1,0
39954230,Trimester 3,1,0,0,0,0,0,0,1,0,0,1,1,0
39954412,Trimester 3,1,0,1,0,0,0,1,0,0,0,1,1,0
39955546,Trimester 3,1,0,0,0,0,0,0,0,0,1,1,1,0
39958952,Trimester 3,1,0,0,0,0,0,0,0,0,0,0,1,0
39959498,Trimester 3,1,0,1,1,0,0,0,0,0,0,1,1,0
39961128,Trimester 3,1,0,1,0,0,0,1,0,0,0,1,1,0
39961574,Trimester 3,1,0,0,1,0,0,0,0,0,0,1,1,0
39973132,Trimester 3,1,0,0,0,0,0,0,0,0,0,1,1,0
39981622,Trimester 3,1,0,0,0,0,1,0,0,0,0,1,1,0
39982408,Trimester 3,1,0,0,0,1,0,0,0,0,0,1,1,0
39988997,Trimester 3,1,0,1,0,0,0,0,0,1,1,0,1,0
39990970,Trimester 3,1,1,0,0,0,0,0,0,0,0,1,1,0
39991630,Trimester 3,0,1,0,0,0,0,0,1,0,0,1,1,0
39997533,Trimester 3,1,0,1,0,0,0,0,0,0,0,1,1,0
39998992,Trimester 3,1,0,0,1,1,0,0,0,0,0,1,1,0
